0.197062423500612;0.00139089796372538;0;7.41812247320203e-05;0;0.000463632654575127;0.0492563332220615;0.000537813879307147;0.000704721634954193;3.70906123660102e-05;0.000315270205111086;0.0152998776009792;0.0173213159749267;0.000445087348392122;0.000982901227699269;0.000593449797856163;0.00305997552019584;0.000222543674196061;0;0;0.00150216980082341;1.85453061830051e-05;0.000352360817477097;0.0125922628982605;0.00276325062126776;9.27265309150254e-05;0;0.000778902859686213;0.014483884128927;0;0.00215125551722859;0.0135380735135937;0.000500723266941137;0;0.0132598939208486;0.00203998368013056;0.0544861095656689;0.0275212343755795;0.00192871184303253;3.70906123660102e-05;5.56359185490152e-05;0.0014650791884574;0;0;0.000185453061830051;0;0.0014465338822744;0.000259634286562071;0.0131300767775676;0.00847520492563332;0;0.00732539594228701;0.00161344163792144;0.00504432328177738;0;5.56359185490152e-05;0.0179333110789659;0.0387967805348466;0.0522792181298913;7.41812247320203e-05;0.00281888653981677;0.00456214532101925;0;0.000370906123660102;0.000148362449464041;0;0;0;0.00124253551426134;0;0.000370906123660102
0.000183587295759133;0.127593170552598;0;0;0;0;0;0;0;0;0.000367174591518267;0.0185423168716725;0;0;0.0005507618872774;0;0.0038553332109418;0.000367174591518267;0;0;0.00146869836607307;0;0.000367174591518267;0.0249678722232422;0.0005507618872774;0;0.000183587295759133;0;0;0;0.000183587295759133;0.000734349183036534;0.000183587295759133;0;0.0176243803928768;0.00238663484486874;0.0374518083348632;0.00367174591518267;0.00183587295759133;0;0.000183587295759133;0;0.000183587295759133;0.000183587295759133;0.000917936478795667;0;0.00183587295759133;0;0.00826142830916101;0.00146869836607307;0;0.000183587295759133;0;0.000183587295759133;0;0.000367174591518267;0;0.0102808885625115;0.0168900312098403;0.000183587295759133;0.00348815861942354;0.0106480631540297;0;0;0;0;0;0;0.000734349183036534;0;0.000367174591518267
0;0;0.0216346153846154;0;0;0;0;0.0144230769230769;0.00240384615384615;0.00721153846153846;0.00240384615384615;0.0144230769230769;0.00240384615384615;0;0;0;0;0;0;0;0.00961538461538462;0;0;0;0;0;0;0.00240384615384615;0.0168269230769231;0;0.00240384615384615;0.00721153846153846;0.00240384615384615;0;0.0144230769230769;0;0.0336538461538462;0.0240384615384615;0;0.00480769230769231;0;0.0120192307692308;0;0;0;0;0;0;0.0120192307692308;0.00240384615384615;0;0.00240384615384615;0.00240384615384615;0;0;0.00240384615384615;0;0;0.00480769230769231;0;0.00240384615384615;0.00480769230769231;0;0;0;0;0;0;0.00480769230769231;0;0
0;0;0;0.0282696489593041;0;0.0121155638397018;0;0.000621310966138552;0.0164647406026716;0.0012426219322771;0.00186393289841566;0;0.00621310966138552;0;0.00186393289841566;0;0;0.00528114321217769;0;0;0.0282696489593041;0;0;0.0108729419074247;0;0;0.000621310966138552;0.17148182665424;0.0518794656725691;0;0.00714507611059335;0.0111835973904939;0.00186393289841566;0;0.0574712643678161;0.00217458838148493;0.0220565392979186;0.00745573159366263;0.00745573159366263;0.00186393289841566;0.000621310966138552;0;0.00155327741534638;0;0.00155327741534638;0;0.0279589934762349;0.00372786579683131;0.00683442062752408;0.00403852127990059;0;0.00155327741534638;0.00807704255980118;0.0111835973904939;0;0.0012426219322771;0.00217458838148493;0.00248524386455421;0.0114942528735632;0;0.00807704255980118;0;0;0;0;0;0;0;0.00931966449207828;0;0.00279589934762349
0;0.00424403183023873;0;0;0;0.109283819628647;0;0.000530503978779841;0.000530503978779841;0.00159151193633952;0.00159151193633952;0.00477453580901857;0;0;0;0;0;0.00477453580901857;0;0.000530503978779841;0.0127320954907162;0;0.000530503978779841;0.010079575596817;0;0;0.000530503978779841;0.0307692307692308;0.0238726790450928;0;0;0;0;0;0;0;0.0143236074270557;0.000530503978779841;0.0106100795755968;0.000530503978779841;0.00106100795755968;0;0;0;0;0;0.00901856763925729;0.00689655172413793;0.0106100795755968;0.00371352785145889;0;0.00106100795755968;0.03342175066313;0.0185676392572944;0;0.000530503978779841;0.0159151193633952;0.00371352785145889;0.00901856763925729;0;0.010079575596817;0.0116710875331565;0;0;0;0;0;0;0.00106100795755968;0;0.0026525198938992
0;0.00417052826691381;0;0;0;0.155313561940068;0.000540624034599938;0.000308928019771393;0.00231696014828545;0.00919060858819895;0.00123571207908557;0.00965400061785604;0.0217021933889404;0;0.00046339202965709;0;7.72320049428483e-05;0.00301204819277108;7.72320049428483e-05;0.000154464009885697;0.0067191844300278;0.000308928019771393;0.000772320049428483;0.00571516836577078;7.72320049428483e-05;0;0.000154464009885697;0.0170682730923695;0.0242508495520544;0.011198640716713;0.00293481618782824;0.0247914735866543;0.00046339202965709;0;0.0143651529193698;0.00579240037071362;0.0220111214087118;0.00594686438059932;0.0172227371022552;0.00293481618782824;0.00139017608897127;0.00378436824219957;0.00579240037071362;0.000154464009885697;0.000849552054371331;0.000154464009885697;0.00278035217794254;0.00471115230151375;0.00764596848934198;0.00787766450417053;0;0.00386160024714242;0.00803212851405622;0.0230151374729688;0;0.00749150447945629;0.00131294408402842;0.00949953660797034;0.0044794562866852;0;0.0207754093296262;0.0227062094531974;0;7.72320049428483e-05;0;0;0;0;0.00293481618782824;0;0.00193080012357121
0.13656842865476;0.00011110802477709;0.000927752006888698;3.33324074331269e-05;4.44432099108358e-05;0.000649981944945974;0.154134607372017;4.99986111496903e-05;0.000783311574678481;0.0121941057192856;0.000838865587067026;0.000588872531318574;0.000999972222993806;0;0.00698313935724008;0.00122774367378684;1.1110802477709e-05;0.000355545679286686;2.77770061942724e-05;0;0.00203327685342074;0.000166662037165634;6.66648148662537e-05;0.00451654120718869;0;0;0;0.00453876281214411;0.00852754090164162;0.00449431960223327;0.00151106913696842;0.0118385600399989;0.00016110663592678;0;0.00613316296769534;0.00169995277908947;0.0487708674759034;0.0225160412210772;0.010955251243021;0.000127774228493653;0.000244437654509597;0.0341601622177162;0.00157773395183467;1.1110802477709e-05;0.000861087192022444;0.000777756173439627;0.00126107608121997;0.00226660370545263;0.00670536929529735;0.00283325463181578;0;0.0157773395183467;0.0201827727007583;0.00432765756506764;0;0.018743923779895;0.00172772978528374;0.00568873086858698;0.011377461737174;0.000411099691675231;0.0119941112746868;0.00642759923335463;0;0.000833310185828171;6.11094136273992e-05;0;0;0.000999972222993806;0.00183328240882198;0.00032221327185356;0.000711091358573373
0.00285429503443277;0;0;4.53062703878217e-05;4.53062703878217e-05;0;0;0.137051467923161;0.00113265675969554;0.0111453425154041;0.00484777093149692;0.00081551286698079;0.0375588981515042;0;0.0098314606741573;0;0.00539144617615078;0;0;0;0.00516491482421167;0.000135918811163465;0.000407756433490395;0.00425878941645524;0;0;0.00126857557085901;0.0107828923523016;0.0126857557085901;0.00394164552374049;0.00135918811163465;0.0130935121420805;0.000181225081551287;0;0.0103751359188112;0.00135918811163465;0.0653316418992389;0.0222453787604204;0.00616165277274375;0;0.000770206596592968;0.00498368974266038;0.00588981515041682;0;0.00140449438202247;0;0.000770206596592968;0.00398695179412831;0.00643349039507068;0.0010420442189199;0;0.0136371873867343;0.00444001449800652;0;0;0.00444001449800652;0.0405038057267126;0.00154041319318594;0.00801920985864444;9.06125407756433e-05;0.012957593330917;0.00552736498731424;0;0;0;0;0;0;0.00294490757520841;0.000951431678144255;0.000498368974266038
7.33891090562161e-05;0.0821591075884339;0;0;0;0;0;3.6694554528108e-05;0.244605900484368;0.00403640099809188;0.00146778218112432;0.00113753119037135;0.0437032144429767;0;0.00337589901658594;0.0178335535006605;0.000330250990752972;0.000917363863202701;0;0;0.0027520915896081;0;0;0;0;0;3.6694554528108e-05;0.0138705416116248;0.0113019227946573;0.00220167327168648;0.000256861881696756;0.0103478643769265;0.000110083663584324;0;0.00645824159694701;0.00418317921620432;0.0518127109936885;0.0267503302509908;0.0155584911199178;0;0.000513723763393512;0.00601790694260972;0;0;3.6694554528108e-05;0;0.00157786584470865;0.00264200792602378;0.00755907823279025;0.00623807426977837;0;0.0160722148833113;0.00620137971525026;0.00785263466901512;0;0.000807280199618377;0.00055041831792162;0.0147145163657713;0.0102377807133421;0.000110083663584324;0.00744899456920593;0.00576104506091296;0;0;0;0;0;0;0.00055041831792162;0.000770585645090269;0.00018347277264054
0;0.00137458702100465;0;9.64622470880459e-05;7.23466853160344e-05;0.000337617864808161;0;0;0.00484722791617431;0.246653965804133;0.00176043600935684;0.000602889044300287;0.00851279330552005;0;0.00880218004678419;0;2.41155617720115e-05;0.000458195673668218;0.000337617864808161;0;9.64622470880459e-05;9.64622470880459e-05;0;0.000675235729616321;0;0;0;0.0138182168953626;0.0254901487930161;0.0130224033568862;0.00270094291846529;0.0574914992644754;2.41155617720115e-05;0;0.00605300600477488;0.00176043600935684;0.0299032965972942;0.00600477488123086;0.0166879687462319;0.000241155617720115;0.000530542358984253;0.000964622470880459;0.000627004606072298;0;0.00081992910024839;0;0.00176043600935684;0.00460607229845419;0.00559481033110666;0.00393083656883787;0;0.010417922685509;0.00983914920298068;0.00747582414932356;0;0.00183278269467287;0.00156751151518075;0.00875394892324017;0.0044131478042781;4.8231123544023e-05;0.00969445583234861;0.00528130802807051;0;0;0;0;0;0;0.000916391347336436;0.000458195673668218;0.000434080111896207
0;0;0;0;0;0;0;0.000108003024084674;0.000216006048169349;0.0624797494329841;0.100982827519171;0.000702019656550383;0.00518414515606437;0;0.00270007560211686;0;0;0;0.000162004536127012;0;0.000540015120423372;0.004644130035641;0.000324009072254023;0.00248406955394751;0;0;0.000108003024084674;0.0050761421319797;0.0111243114807215;0.00529214818014904;0.000648018144508046;0.00108003024084674;0.000216006048169349;0;0.0141483961550923;0.00226806350577816;0.0263527378766605;0.0108003024084674;0.00264607409007452;0;0.00037801058429636;0.0018900529214818;0.00955826763149368;0;0.00237606652986284;5.40015120423372e-05;0.00264607409007452;0.0106922993843828;0.00864024192677395;0.00604816934874176;0;0.0274327681175073;0.0186845231666487;0.000702019656550383;0;0.00102602872880441;0.00286208013824387;0.0373690463332973;0.00907225402311265;0.000108003024084674;0.0150124203477697;0.00658818446916514;0;0;0;0;0.00124203477697376;0;0.00313208769845556;0.000972027216762069;0.00124203477697376
1.83455943055275e-05;0;0;0.000642095800693463;0.00941128987873562;0;0;1.83455943055275e-05;0;0;0.000311875103193968;0.100882423086096;0.00449467060485424;0;0.000550367829165826;0;1.83455943055275e-05;0.000110073565833165;0.000183455943055275;0;0.0032655157863839;0.000183455943055275;9.17279715276376e-05;0.000256838320277385;0;0;1.83455943055275e-05;0.00205470656221908;0.0184006310884441;0.00141261076152562;0.000238492725971858;0.000605404612082408;3.66911886110551e-05;0;0.00442128822763213;0.000532022234860298;0.00519180318846429;0.00192628740208039;0.074978443926691;0.000733823772221101;0.000201801537360803;0.0065310315727678;0.000917279715276376;0.000183455943055275;0.000917279715276376;1.83455943055275e-05;0.000642095800693463;0.000862242932359794;0.00554036948026931;0.00135757397860904;0;0.00236658166541305;0.0165844172521969;0.00183455943055275;0;0.00482489130235374;0.00170614027041406;0.00225650809957989;0.000532022234860298;0;0.00594397255499092;0.00299033187180099;0;0.000733823772221101;3.66911886110551e-05;0;1.83455943055275e-05;0;0.00111908125263718;0.000311875103193968;0
0.00012251425034175;0;0;0;0;0.0285071316189936;0.00646746279435661;0;0.00142503417502773;0.00793118568001857;0.000599675014830672;0.0194797658043383;0.260491088700317;0;0.00585489154264786;5.15849475123159e-05;0.000741533620489541;0.0017151995047845;0.00133476051688117;0;0.00238580382244461;0.000109618013463671;0.000290165329756777;0.000934977173660726;0;0;6.44811843903949e-06;0.0103814706868536;0.0183062082484331;0.00372701245776482;0.00130896804312502;0.0092594980784607;0.000225684145366382;0;0.00546800443630549;0.000535193830440278;0.0245931237264966;0.00709937840138248;0.00882102602460602;0.000354646514147172;0.000702844909855304;0.0020247091898584;0.00802790745660416;0.00126383121405174;0.00117355755590519;0;0.00164427020195507;0.00699620850635784;0.00411389956410719;0.00416548451161951;9.67217765855923e-05;0.00678342059786954;0.0126641046142736;0.0114196177555389;0;0.00851151633953212;0.00339815841737381;0.00239225194088365;0.00444275360449821;0.000406231461659488;0.0142696861055944;0.00508111732996312;0;0.00119290191122231;0.000232132263805422;0;3.22405921951974e-05;7.73774212684739e-05;0.000786670449562818;0.000328854040391014;0.00025147661912254
0;0;0;0;0;0;0.00276784684580787;0.000115326951908661;0;0.0140987198708338;0.00121093299504094;0;0.0237573520931842;0.113539384154077;0.00827470879944643;0.00380578941298581;0;0.000115326951908661;0.000230653903817322;0;0.00204705339637873;0.00181639949256141;0;0.00060546649752047;0;0;0;0;0.00121093299504094;0.000836120401337793;0.000230653903817322;0.000893783877292123;0;0;0.00513204935993542;0.000345980855725983;0.0235266981893669;0.00735209318417714;0.00129742820897244;2.88317379771653e-05;0.000432476069657479;0.00115326951908661;0.0126859647099527;0.000432476069657479;0.00268135163187637;0;0.00100911082920078;0.0122823203782724;0.00400761157882597;0.000922615615269288;0;0;0.0120804982124322;0.0179910044977511;0;0.0195767500864952;0.00181639949256141;0.00389228462691731;0.0103217621958252;0.000490139545611809;0.0104082574097567;0.00605466497520471;0;0.0014127551608811;2.88317379771653e-05;0;0;0.000259485641794487;0.000576634759543305;0.000317149117748818;0
0.00257205127858023;0;0;0;2.7074223985055e-05;0;0;0.00205764102286418;0;0.0033436666621543;0.000798689607559123;0.000311353575828133;0.0523344749631114;0;0.0973995207862355;0.00282925640643825;0;0.000785152495566596;0.000284279351843078;0;0.00592925505272705;5.41484479701101e-05;0.000189519567895385;0.00169213899906594;0;0;0;0.00488689742930243;0.0163122199509957;0.00226069770275209;0.000622707151656266;0.019913091741008;0.00016244534391033;0;0.00513056544516793;5.41484479701101e-05;0.020400427772739;0.00726942913998728;0.00873143723518025;0.000189519567895385;0.00037903913579077;0.00778383939570332;0.00272095951049803;1.35371119925275e-05;0.000663318487633848;0;0.00258558839057276;0.0038851511418554;0.0060510890606598;0.00399344803779562;0;0.0115877678656036;0.0118585101054541;0.0168266302067117;0;0.00384453980587781;0.0020170296868866;0.00747248581987519;0.0158248839192647;8.12226719551651e-05;0.00763493116378552;0.00542838190900353;0;0.000135371119925275;0.00010829689594022;0;1.35371119925275e-05;0;0.000731004047596486;0.000230130903872968;0.000243668015865495
0;0;0;0;0;0.00683297180043384;0;0.000216919739696312;0.00303687635574837;0.0126898047722343;0.00130151843817787;0.00151843817787419;0.0100867678958785;0;0.00184381778741866;0.0956616052060738;0;0;0.000108459869848156;0;0.00574837310195228;0;0.000542299349240781;0.00357917570498915;0;0;0;0.0142082429501085;0.0299349240780911;0.0247288503253796;0.00238611713665944;0.0427331887201735;0.000325379609544469;0;0.00726681127982646;0.00119305856832972;0.0407809110629067;0.0125813449023861;0.00488069414316703;0;0.000433839479392625;0.00336225596529284;0.000433839479392625;0;0.00184381778741866;0;0.0052060737527115;0.00585683297180043;0.00726681127982646;0.00477223427331887;0;0.0137744034707158;0.0334056399132321;0.0167028199566161;0;0.00401301518438178;0.00195227765726681;0.00650759219088937;0.0165943600867679;0.000108459869848156;0.0107375271149675;0.00683297180043384;0;0;0;0;0;0;0.00184381778741866;0.00195227765726681;0.000108459869848156
0;0;0;0.000819398500804224;3.03480926223787e-05;0.0708627962732542;0;0;0.00212436648356651;0.00224575885405602;0.000667658037692331;0.00864920639737793;0.0135655974022033;0;0.0014263603532518;0;0.123456040787836;0.000151740463111893;0;0;0.00145670844587418;0;0;0.00218506266881127;0;3.03480926223787e-05;0;0.0190282540742314;0.0251585687839519;0.00752632697034991;0.00200297411307699;0.0125944584382872;0.000121392370489515;0;0.00898303541622409;0.00534126430153865;0.0495887833449668;0.0188765136111195;0.0437922976540924;0.000333829018846166;0.000364177111468544;0.0140815149767837;0.000364177111468544;0;0.000789050408181846;0;0.00388455585566447;0.00579648569087433;0.00658553609905617;0.00521987193104913;0;0.0171770204242663;0.0104700919547206;0.0243391702831477;0;0.00297411307699311;0.00367211920730782;0.0169342356832873;0.0103486995842311;6.06961852447574e-05;0.0118357561227277;0.0107735728809444;0;0;0;0;0;0;0.00069800613031471;0.000606961852447574;0.000485569481958059
0;0;0;0.000493784487760317;0;0.000135790734134087;0;0;0.000432061426790277;1.23446121940079e-05;0.000469095263372301;0.0114311108916513;0.00320959917044206;0;0.000148135346328095;2.46892243880159e-05;0.00316022072166603;0.539262039083042;0.00172824570716111;0.000506129099954325;0.0032713222314121;0.000320959917044206;0.000925845914550594;0.00128383966817682;0;0;1.23446121940079e-05;0.0228128433345266;0.0234794523930031;0.0120483415013517;0.00104929203649067;0.0174305924179392;0.000123446121940079;0;0.00986334514301233;0.000456750651178293;0.0227881541101386;0.00234547631686151;0.0292567308997988;0.000629575221894404;0.000197513795104127;0.00308615304850198;9.87568975520634e-05;0;0.000432061426790277;1.23446121940079e-05;0.00059254138531238;0.00295036231436789;0.00304911921191996;0.000790055180416507;0;0.00319725455824805;0.00854247163825348;0.00416013430938067;0;0.000222203019492143;0.000753021343834483;0.00228375325589147;0.00256767933635365;4.93784487760317e-05;0.00413544508499266;0.00288863925339785;0;0;9.87568975520634e-05;0;1.23446121940079e-05;2.46892243880159e-05;0.000506129099954325;0.000185169182910119;0.000333304529238214
0;0;0;0;7.76276975624903e-05;0;0;2.58758991874968e-05;0.000388138487812451;0;0.000750401076437406;0.0008021528748124;0.00626196760337422;0;0;0;0.000388138487812451;0;0.318558194897273;0;0.00194069243906226;0;0;0;0;5.17517983749935e-05;0;0.0107902499611862;0.0176991150442478;0.00279459711224965;0.000672773378874916;0.0220462661077472;5.17517983749935e-05;0;0.00341561869274957;0.000439890286187445;0.012187548517311;0.00119029136262485;0.00690886508306164;0.000155255395124981;0.000103503596749987;0.00232883092687471;0.000284634891062464;5.17517983749935e-05;0.000828028773999896;2.58758991874968e-05;0.00116441546343735;0.00388138487812451;0.00432127516431196;0.000853904673187393;0;0.00646897479687419;0.00393313667649951;0.0032344873984371;0;0.000414014386999948;0.000362262588624955;0.00313098380168711;0.00183718884231227;5.17517983749935e-05;0.00439890286187445;0.00155255395124981;0;0;0;0;0;0;0.000439890286187445;0.000517517983749935;0.000103503596749987
0;0;0;0;0.000103923096908288;0.00176669264744089;0;5.19615484541439e-05;0.00114315406599117;0.000103923096908288;0.00114315406599117;0.00280592361652377;0.0239542738373604;0;0.000207846193816576;0;0.00493634710314367;0.0363730839179008;0.0604312808521694;0.0533645102624058;0;0.000623538581449727;0.00124707716289945;0.00290984671343206;0.000363730839179008;0;0.000155884645362432;0.035022083658093;0.0313847752663029;0.00592361652377241;0.00161080800207846;0.0311769290724864;0.000207846193816576;0;0.00997661730319564;0.00114315406599117;0.0242660431280852;0.00732657833203429;0.00576773187840998;0;0.000311769290724864;0.00488438555468953;0.00187061574434918;0;0.000675500129903871;0;0.00311769290724864;0.00800207846193817;0.00587165497531826;0.0021304234866199;0;0.00743050142894258;0.0098207326578332;0.00820992465575474;0;0.00114315406599117;0.000883346323720447;0.00670303975058457;0.014809041309431;0.000103923096908288;0.00919719407638348;0.00644323200831385;0;0;0;0;0;0;0.00140296180826189;0.00025980774227072;0.000883346323720447
0;0;0;0;3.22945260778298e-05;6.45890521556596e-05;0;0.000242208945583724;0.00155013725173583;0.00209107056353948;0.000815436783465203;0.000484417891167447;0.00484417891167447;0;0.00307605360891329;0.002276764088487;0.000209914419505894;0.0357177458420798;0.0128774422735346;0.00873566930405296;0.179799773938317;0.00044404973357016;0.0011948974648797;0.00832391409656063;0;0;1.61472630389149e-05;0.0174471177135476;0.00977716777006297;0.00279347650573228;0.000984983045373809;0.00410947844340384;0.000137251735830777;0;0.00510253512029711;0.00120297109639916;0.0263604069110286;0.00657193605683837;0.00293880187308251;4.03681575972873e-05;0.00144518004198288;0.00334248344905539;0.00355239786856128;0.00127563378007428;0.000702405942192798;0;0.00251089940255127;0.00829969320200226;0.0066607460035524;0.00121104472791862;0;0.0142580332633619;0.00582108832552882;0.00804133699337962;0;0.00134829646374939;0.00165509446148878;0.00628935895365736;0.0182625544970128;0.00047634425964799;0.00551429032778944;0.00327789439689973;0;0.000920393993218149;1.61472630389149e-05;0;8.07363151945745e-06;0;0.000573227837881479;0.000137251735830777;0.000234135314064266
0;0;0;0;1.43094270505409e-05;0;0;0.000443592238566768;0.00118768244519489;0.0047221109266785;0.00160265582966058;0.000457901665617309;0.00363459447083739;0;0.00748383034743289;0.00356304733558468;0.000572377082021636;0.00143094270505409;0.00509415602999256;0.00173144067311545;0.0148961135596131;0.0395083280865434;0.00299067025356305;0.00117337301814435;0;0;0.00333409650277603;0.00905786732299239;0.00553774826855933;0.000701161925476504;0.000615305363173259;0.00111613530994219;0.000100165989353786;0;0.00426420926106119;0.00111613530994219;0.0585827943449144;0.0454038120313663;0.00569515196611528;0.000114475416404327;0.0156258943391907;0.00852841852212237;0.0142092610611871;0.000257569686909736;0.00178867838131761;0.000944422185335699;0.0061244347776315;0.0118625150248984;0.00626752904813691;0.00174575010016599;0;0.00994505180012592;0.0110039494018659;0.0145097590292485;0;0.0057380802472669;0.00489382405128499;0.00392078301184821;0.00719764180642207;0.00047221109266785;0.0118625150248984;0.00453608837502146;0;0.00110182588289165;0.000100165989353786;0;2.86188541010818e-05;0;0.00117337301814435;0.00131646728864976;0.000915803331234617
0;0;0;0;0;6.75995403231258e-05;0;0.000394330651884901;0.000630929043015841;0.00464183510218797;0.00135199080646252;0.000653462223123549;0.000912593794362198;0;0.0129340453818247;0.0010365262849546;0.00146465670700106;0.00760494828635165;0.0104328623898691;0.00683882016268956;0.0224655805673855;0.011446855494716;0.12081164514748;0.00317717839518691;0;0;0;0.0101849974086843;0.00504743234412673;0.00109285923522387;0.000574596092746569;0.00111539241533158;0.000180265440861669;0;0.00405597241938755;0.000923860384416053;0.0388021361454742;0.0147366997904414;0.00312084544491764;7.88661303769801e-05;0.00310957885486379;0.00089006061425449;0.0123143829288628;0.000506996552423443;0.00119425854570856;0;0.00353770927691025;0.00921607066405282;0.00598255931859663;0.00113792559543928;0.000608395862908132;0.00946393564523761;0.0194461344329525;0.0193898014826833;0;0.00297437977421754;0.00351517609680254;0.00397710628901057;0.0101737308186304;0.000484463372315735;0.00982446652696095;0.00491223326348047;0;0.00270398161292503;4.50663602154172e-05;0;0;0;0.000743594943554384;0.000957660154577616;0.000608395862908132
0;0;0;0;3.0875496764689e-05;0;0;0.000269057900378004;0.00136734342815051;0.00101448060798264;0.000961551184957458;0.000379327531680465;0.00265529272176326;0;0.0175549253033518;0.000242593188865414;0.000635153076302174;0.01084612093491;0.00127912772310854;0.0205057406370056;0.0503491136527036;0.000683671714075257;0.0105902953902883;0.145569145675005;0.0181195058156204;0;0;0.014295355002051;0.00488273927407296;0.000357273605419973;0.00050724030399132;0.000886567835671785;0.000185252980588134;0;0.00319340852251926;0.00520031581222405;0.0261780104712042;0.00670439358318961;0.00407997635819105;2.20539262604922e-05;0.00498859812012333;0.00994190995822986;0.00982722954167531;0.00115562573604979;0.000529294230251812;0;0.00243034267390624;0.00938615101646546;0.00584429045903042;0.00151731012672186;0;0.0111504651173048;0.024510733645911;0.00797911052104606;0;0.00146879148894878;0.00286701041386398;0.00250091523793981;0.0114503985144475;0.000467543236722434;0.00988456974995258;0.00210835535050305;0;0.00131441400512533;2.64647115125906e-05;0;1.76431410083937e-05;6.1750993529378e-05;0.000441078525209843;0.000255825544621709;0.000330808893907382
0;0;0;0;5.44278409291921e-06;0;0;0.00110216377881614;0.00054972119338484;0.000391880454690183;0.0009633727844467;0.000585099289988815;0.00294726758631575;0;0.0252490754070522;0.00083002457417018;0.000225875539856147;0.00897242957717732;0.00185054659159253;0.0205138532462125;0.0352991762346275;0.000955208608307321;0.00724434562767547;0.012227214464743;0.266916853308805;0;0.000296631733064097;0.0114352893792233;0.00345072511491078;0.000378273494457885;0.000293910341017637;0.00089261659123875;0.000106134289811925;0;0.00221249173377166;0.0505280861266155;0.0180319436998413;0.00513798818371573;0.00756274849711124;0;0.00129266122206831;0.0102188271344558;0.00244925284181364;0.000119741250044223;0.000797367869612664;0;0.00166549193243328;0.00418005818336195;0.00471345102446804;0.00111577073904844;0;0.00830568852579472;0.0127769356581278;0.00404670997308543;0;0.00313776502956792;0.00251728764297513;0.00112393491518782;0.00952215077056216;0.00041637298310832;0.0074647783834387;0.00235672551223402;0;0.00341806841035326;8.70845454867074e-05;0;8.16417613937882e-06;0.000146955170508819;0.000332009829668072;0.000176890483019874;0.000108855681858384
0;0;0;0;2.43611293819581e-05;0;0;0.000852639528368535;0.0118638700090136;0.000755195010840703;0.000609028234548954;0.000755195010840703;0.00392214183049526;0;0.00521328168773904;0.000170527905673707;0.000414139199493289;0.00604156008672562;0.0018027235742649;0.0068698384857122;0.0776389193403006;0.000511583717021121;0.00589539331043387;0.0159809008745645;0;0.178883773051719;0;0.0103778411167142;0.0026797242320154;0.00038977807011133;7.30833881458744e-05;0.000170527905673707;0;0;0.000828278398986577;0.0142512606884455;0.0276986041072864;0.0381251674827645;0.000511583717021121;0;0.00333747472532827;0;0;2.43611293819581e-05;0.000438500328875247;0.00158347340982728;0.00248483519695973;0.00684547735633024;0.00509147604082925;0.00102316743404224;0;0.00645569928621891;0.00604156008672562;0.01629759555653;0;0.000609028234548954;0.00112061195157007;0.00221686277375819;0.0274793539428488;0.000414139199493289;0.00777120027284465;0.0016321956685912;0;0.00185144583302882;0;0;0;0;0.000316694681965456;0.00038977807011133;4.87222587639163e-05
2.04423729506521e-05;0.000654155934420868;0;0;0;0;0;0.00543767120487346;0.0290486119628767;0.00658244409010998;0.00306635594259782;0.000633713561470215;0.00470174577864999;0;0.0148002780162721;0.00212600678686782;0.000183981356555869;0.000756367799174128;0.00437466781143955;0.00077681017212478;0.0281082628071467;0.0128991373318615;0.00633713561470215;0.00517192035651498;0;0;0.0216893577006419;0.00509015086471238;0.00421112882783433;0.000981233901631301;0.000449732204914346;0.00331166441800564;4.08847459013042e-05;0;0.00314812543440043;0.00165583220900282;0.062226583261785;0.0222004170244082;0.0111002085122041;0.000122654237703913;0.00306635594259782;0.00300502882374586;0.00780898646714911;0;0.000695040680322172;0;0.00163538983605217;0.00457909154094607;0.00654155934420868;0.00265750848358477;0;0.0125107322457991;0.00795208307780367;0.00198291017621325;0;0.00854491189337258;0.0150864712375813;0.00498793899995912;0.00948526104910258;0.000306635594259782;0.00950570342205323;0.00380228136882129;0;0.000347520340161086;0;0;2.04423729506521e-05;0;0.000613271188519563;0.00139008136064434;0.000551944069667607
0;0;0;0;2.00412850471972e-05;0;0;0.000420866985991142;0.00194400464957813;0.00160330280377578;0.000801651401887889;0.000521073411227128;0.00202416978976692;0;0.0114034911918552;0.00120247710283183;0.00232478906547488;0.0113032847666192;0.00917890855161633;0.0125658857245927;0.0610056716836684;0.0150109225003507;0.0154919133414835;0.0317453955147604;0.00154317894863419;0.0376575746036836;0.000220454135519169;0.0169549271499289;0.00334689460288194;0.000741527546746297;0.000380784415896747;0.000881816542076678;0.000100206425235986;0;0.00258532577108844;0.00114235324769024;0.0521674649778544;0.017576206986392;0.00330681203278754;0;0.00414854600476983;0.00537106439264886;0.00597230294406477;0.000841733971982284;0.000681403691604706;0;0.00338697717297633;0.00885824799086117;0.00657354149548069;0.0014429725233982;0;0.0116640278974688;0.0168146381545985;0.0169148445798345;0;0.00198408721967253;0.00232478906547488;0.00442912399543059;0.0297011844399463;0.000460949556085536;0.00947952782732429;0.00284586247670201;0;0.0014429725233982;8.01651401887889e-05;0;4.00825700943945e-05;0;0.000380784415896747;0;0.000260536705613564
0;9.97844655544025e-06;0;0.0274507064740161;0.00274407280274607;9.97844655544025e-05;5.98706793326415e-05;0;0.000139698251776163;9.97844655544025e-06;0.000159655144887044;0.00722439530613874;4.98922327772012e-05;0;9.97844655544025e-06;0;0.00237487028019478;0.00119741358665283;0;0;0.000558793007104654;0.00343258561507145;0.0184301907878981;0.00041909475532849;0.000349245629440409;9.97844655544025e-06;0;0.019877065538437;0.226341103217051;0.0141693941087252;0.000119741358665283;0.00115749980043107;0.000848167957212421;0.00820228306857189;0.0215235092200846;0.00103775844176579;0.0136305579947314;0.00469984832761236;0.00950945956733456;0.000658577472659056;0;0.000918017083100503;0.00293366328729943;9.97844655544025e-05;0.000588728346770975;7.9827572443522e-05;0.000927995529655943;0.00574758521593358;0.0055280593917139;0.00990859742955217;0.000139698251776163;0.012602777999521;0.00192584018519997;0.0182306218567893;0;0.00108765067454299;0.00214536600941965;0.0169334238045821;0.00170631436098028;0.000459008541550251;0.0135207950826215;0.0803963438971821;0;0.000429073201883931;3.9913786221761e-05;0;0.000309331843218648;0;0.00127724115909635;0;0.00038915941566217
0;0;0;0;0.0211437776882803;0;0;0;0;0.000402738622633911;0.00221506242448651;0;0;0;0;0;0;0.00734997986306887;0;0.000402738622633911;0.00402738622633911;0.00443012484897302;0;0.000805477245267821;0.00191300845751108;0;0;0.00241643173580346;0.00130890052356021;0.197845348368909;0;0.000201369311316955;0.000604107933950866;0.0142972211035038;0.0161095449053564;0.00281917035843737;0;0.00140958517921869;0.0453080950463149;0;0.000805477245267821;0.00312122432541281;0.013491743858236;0;0.000302053966975433;0.000100684655658478;0.00734997986306887;0.00241643173580346;0.00734997986306887;0.013290374546919;0;0;0;0.0251711639146194;0;0.00342327829238824;0.00231574708014499;0.00231574708014499;0.000201369311316955;0.000201369311316955;0.00251711639146194;0.00916230366492147;0;0;0;0;0;0;0.00171163914619412;0.0036246476037052;0.00171163914619412
0;0;0;0;0;0;0;0;0;0.000198333994446648;0.000793335977786593;0;0.00178500595001983;0;0.00049583498611662;0;0.00297500991669972;0.00505751685838953;0;0.00188417294724316;0.00644585481951607;0.00386751289170964;0.00109083696945656;0.0161642205474018;0.00218167393891313;0;0;0.00446251487504958;0.0803252677508925;0;0.000396667988893296;0;0.00307417691392305;0;0.0297500991669972;0.000198333994446648;0.0109083696945656;0.00476001586671956;0.00198333994446648;0;0;0.00406584688615629;0.00357001190003967;0;0.00049583498611662;9.91669972233241e-05;0.00218167393891313;0;0.0053550178500595;0.00714002380007933;0;0.0049583498611662;0;0.0313367711225704;0;0.0049583498611662;0.000694168980563268;0.000793335977786593;0;0.00138833796112654;0.00049583498611662;0.0124950416501388;0;0;0.00188417294724316;0;0;0.00109083696945656;0;0.00208250694168981;0
0;0;0;0;0;0.00144327547571119;1.89904667856736e-05;0;0.00074062820464127;7.59618671426944e-05;0.00140529454213985;0.00541228303391697;0.00244977021535189;0;0.00286756048463671;0;0;0;0;0;0.0103877853317635;0;0;0.000816590071783964;0;0;1.89904667856736e-05;0.000151923734285389;0;0;0.000436780736070493;0.123172167571879;0.000588704470355881;0.0178320483117475;0.0398419993163432;0.00862167192069581;0.0236431311481636;0.00191803714535303;0.000132933267499715;0;0.000227885601428083;0;0;0;0.00429184549356223;0;0.00347525542177827;0.0243077974856622;0.00662767290820008;0.0102548520642637;0;0.0133502981503285;0.0100459569296213;0.0591363135705876;0;0.000550723536784534;0.00434881689391925;0.0270993961031562;0.00670363477534278;5.69714003570208e-05;0.0189714763188879;0.0101029283299784;0;0.000493752136427513;0;0;0;0;0.00292453188499373;0;0.0033043412207072
0;0;0;0;0;0.014;0;4.87804878048781e-05;0.00682926829268293;0;0.000178861788617886;0.00507317073170732;0.000878048780487805;0;0.0135934959349594;0.000113821138211382;0.102016260162602;0.00409756097560976;0.000569105691056911;0;0.0170081300813008;4.87804878048781e-05;0.000178861788617886;0;0;0;8.13008130081301e-05;0.000292682926829268;0.00346341463414634;0.000195121951219512;0.00032520325203252;0.000422764227642276;0.0257235772357724;0;0.0756910569105691;0.00221138211382114;0.0282276422764228;0.00653658536585366;0.00190243902439024;0;0.000130081300813008;0.0019349593495935;0.000113821138211382;0.00273170731707317;0.000211382113821138;0;0.000845528455284553;0.000829268292682927;0.011219512195122;0.0023739837398374;0;0.162178861788618;0.0060650406504065;0.0106016260162602;0;6.50406504065041e-05;0.000926829268292683;0.0360162601626016;0.00211382113821138;8.13008130081301e-05;0.00682926829268293;0.0202113821138211;0;0;0;0;0;0;0.00159349593495935;0.000260162601626016;0.000130081300813008
0;0;0;0;0;0.0241426538120686;0;8.05650294062357e-05;0.0166232510674866;0;0.000241695088218707;0.0118699143325187;0.00115476542148938;0;0.0171066412439241;0;0.101511937051857;0.00494132180358246;0.000590810215645729;0;0.0125949995971749;0;0.00018798506861455;0.000161130058812471;0;0;0;0.000295405107822864;0;0.000241695088218707;0.000402825147031179;0.000456535166635336;0.0224507881945377;0;0.0470768321830437;0.00268550098020786;0.0399333995756908;0.00711657759755082;0.00214840078416629;0;0.000134275049010393;0.00158444557832264;0.000214840078416629;0.00316889115664527;0.00018798506861455;0;0.00056395520584365;0.000778795284260279;0.0111985390874668;0.0026317909606037;0;0.10994441012971;0.0056395520584365;0.00999006364637323;0;5.37100196041572e-05;0.000859360313666515;0.0398259795364825;0.00271235599000994;8.05650294062357e-05;0.00674060746032172;0.020168112361361;0;0;0;0;0;0;0.00179928565673926;0.000537100196041572;0.000107420039208314
0;0;0;0;0;0.000514084400562469;0;0.000635045435988932;0.0156896543034408;0.000453603882849237;0.000277202372852312;0.00416307563592744;0.00840175191899643;0;0.0304821809274687;0.000564484831990162;0.0291465694946349;0.00304418605823266;0.000443523796563699;0.000519124443705238;0.0333701256482756;0.000277202372852312;0.0272011128415259;0.0100599261129675;8.06406902843088e-05;0;1.51201294283079e-05;0.000761046514558165;0.00169345449597049;0.000342722933708313;0.000347762976851082;0.00093744802455509;0.00392115356507452;0;0.0663723281471289;0.00264602264995388;0.0594876292141061;0.0154174919737313;0.000917287851984013;5.0400431427693e-06;0.000100800862855386;0.00258554213224065;0.000569524875132931;0.00133561143283387;0.0005745649182757;5.0400431427693e-06;0.00186481596282464;0.00284762437566466;0.0132754736380543;0.00339194903508374;0;0.0292171300986336;0.00626981366960501;0.00748950411015518;0;0.000352803019993851;0.000448563839706468;0.0192378446759504;0.00072072616941601;8.56807334270781e-05;0.0116072193577977;0.00671333746616871;0;8.06406902843088e-05;0;0;5.0400431427693e-06;0;0.00223777915538957;9.07207765698474e-05;0.000171361466854156
0;0;0;0;0;0;0;2.43608326532601e-05;0.000182706244899451;8.52629142864103e-05;0.00248480493063253;0.00200976869389396;0.00249698534695916;0;0.0111329005225399;0.000682103314291282;0;0.000170525828572821;8.52629142864103e-05;0.00528630068575744;0.0115713955102985;0.000255788742859231;0.000876989975517363;0.00269187200818524;0.0254327092900035;4.87216653065202e-05;0;0.000194886661226081;0.00768584270210356;0.00202194911022059;0.000487216653065202;0.00227773785307982;0.000231427910205971;0;0.00800253352659594;0.017186567436875;0.0122169575756099;0.00466509945309931;0.00214375327348689;1.218041632663e-05;0;0.00196104702858744;0.00473818195105909;2.43608326532601e-05;0.00138856746123582;0;0.00138856746123582;0.0040560786367678;0.0122900400735697;0.00364194448166238;0;0.0545682651433026;0.0131183083837806;0.000304510408165751;0;0.0113156067674393;0.00205849035920048;0.00442149112656671;0.00127894371429615;8.52629142864103e-05;0.00975651347763067;0.00263096992655209;0;2.43608326532601e-05;0;0;1.218041632663e-05;6.09020816331502e-05;0.00208285119185374;0;0.000243608326532601
0;0;0;0;7.92424422520702e-06;0;0;0;0.000313007646895677;0.00561828915567178;0.00188993224771187;0.00668013788184952;0;0;0.0013550457625104;0;0;0;0.00021395459408059;0;0.000209992471967986;0.0002258409604184;0.000459606165062007;0.000297159158445263;0.000114901541265502;0;3.96212211260351e-06;0.000122825785490709;0.00641071357819248;0.000709219858156028;0.000178295495067158;0.00114505329054241;6.73560759142597e-05;3.96212211260351e-06;0.00484567534371409;0.000935060818574428;0.0179801101469947;0.00244462934347637;0.0495938824834581;0.00263481120488133;0.000776575934070288;0.130195332620151;0.0188834739886683;0.00311819010261896;0.00122033361068188;2.37727326756211e-05;0.00442965252189072;0.0119854193906256;0.00837592614604382;0.00181861404968501;0;0.0307500297159158;0.0174214509291176;0.00140259122786164;0;0.00397004635682872;0.00190974285827489;0.0157850944966124;0.0018106898054598;9.11288085898807e-05;0.0258805816395261;0.00179087919489679;0;0;3.16969769008281e-05;0;1.18863663378105e-05;0;0.00103807599350212;8.32045643646737e-05;0.000463568287174611
0;0;0;0;3.28382061582583e-05;0;0;0.000213448340028679;0.000262705649266066;0.00522127477916306;0.00927132020534825;0.00212353733156737;0.000268178683625776;5.47303435970971e-06;0.00321814420350931;5.47303435970971e-06;3.8311240517968e-05;0.000366693302100551;0;1.64191030791291e-05;0.000793589982157908;0.000279124752345195;0.00019155620258984;0.00074980570728023;0.000257232614906356;0;0;0.00094683494422978;0.016742012106352;0.00228225532799895;0.000366693302100551;0.00511181409196887;0.000301016889784034;0;0.010464441695765;0.00962706743872938;0.0106997821732325;0.00368335212408463;0.0114167496743545;0;0.00037763937081997;0.00877327407861467;0.0633722648510787;0.00128069004017207;0.00502971857657322;0.000481627023654455;0.00589993103976707;0.0100320719813479;0.0141423207854899;0.00812745602416892;0;0.102416891973248;0.0224832251496875;0.00260516435522182;0;0.00920017075867202;0.00264347559573979;0.0163205884606544;0.00184441257922217;6.56764123165165e-05;0.0266098930569086;0.00383659708615651;0;0.000169664065151001;0.000246286546186937;0;3.28382061582583e-05;3.8311240517968e-05;0.00616263668903313;0.0012423787996541;0.00108913383758223
0;0;0;0;0;1.01222771074581e-05;0;2.02445542149162e-05;3.03668313223743e-05;8.09782168596648e-05;0.000779415337274273;0.0132500607336626;0.000151834156611871;0;0.000961616325208519;0;0.000101222771074581;0.00136650740950684;0;0.000151834156611871;0.00130577374686209;0.000192323265041704;0.000708559397522067;0.000303668313223743;0.00709571625232812;0.000121467325289497;2.02445542149162e-05;0.0117722082759738;0.0189792695764839;0.000192323265041704;0.000334035144546117;0.000678192566199692;0.000344157421653575;0;0.00856344643290955;0.0176532512754069;0.00834075633654547;0.00271277026479877;0.0567353631873026;0;4.04891084298324e-05;0.151419143250466;0.0174811725645801;0.00517248360191109;0.00153858612033363;0.00047574702405053;0.00257105838529436;0.00972750830026723;0.00991983156530893;0.0288788565875779;0;0.00640740140902097;0.00623532269819419;0.0184326666126812;0;0.00158919750587092;0.0021256781925662;0.0146165681431695;0.0031885172888493;0.00890760385456312;0.0111041379868815;0.00436270143331444;0;0.00103247226496073;0;0;0;0;0.00119442869868005;0.000384646530083408;0.000202445542149162
0.000528621054221417;0;3.77586467301012e-05;0;0;3.77586467301012e-05;0.00902431656849418;0;0;0;0.000188793233650506;0.0141217338770578;0.000566379700951518;0;0;0;0.000113275940190304;0;0;0;3.77586467301012e-05;0.000188793233650506;3.77586467301012e-05;0;0;0;0;0.0286965715148769;0;0;3.77586467301012e-05;0;0;0;0;0;0.015292251925691;0.0061924180637366;0;0.00260534662437698;0;0.192229270502945;0;0.00203896692342546;0.000830690228062226;0;0.000717414287871923;0;0.00453103760761214;0.00151034586920405;0;0;0;0.00143482857574385;0;3.77586467301012e-05;0;0.0246563963147561;0.0160096662135629;0.00260534662437698;0;0.000868448874792327;0;0;0;0;0;0;3.77586467301012e-05;0.000792931581332125;3.77586467301012e-05
3.84482294590334e-05;0;0;0;0;0;0.00272982429159137;3.84482294590334e-05;0;0.0001153446883771;0.000461378753508401;0.000422930524049368;0.000153792917836134;0;0.0001153446883771;0;0;0;0;0;0;3.84482294590334e-05;3.84482294590334e-05;0;0;0.0143027413587604;0;0.0185704948287131;0.000307585835672267;0;3.84482294590334e-05;0;0;0;0.000768964589180668;3.84482294590334e-05;0.000845861048098735;0.000922757507016802;0;0;0.082855934484217;0.100926602329963;0.00411396055211658;0.0236072128878465;0.000653619900803568;0;0.00165327386673844;0.00949671267638125;0.00503671805913338;0.00307585835672267;0;0.0017301703256565;0.000615171671344535;0.00557499327155984;0;0.00134568803106617;0.0002306893767542;0.0250297973778308;0.00392171940482141;0.00718981890883925;0.00311430658618171;0.001153446883771;0;0.00192241147295167;0;0;7.68964589180668e-05;0;0.000153792917836134;0.00188396324349264;7.68964589180668e-05
0;0;0;0;0;0;0;8.03994243401217e-06;0.000289437927624438;0.000192958618416292;0.00025727815788839;0.00960773120864455;1.60798848680243e-05;0;0.000828114070703254;0;0.000522596258210791;0.000128639078944195;7.23594819061096e-05;3.21597697360487e-05;0.00165622814140651;0.000152758906246231;0.000892433610175351;8.84393667741339e-05;0.00358581432556943;0;8.03994243401217e-06;0.000530636200644803;0.00372249334694764;1.60798848680243e-05;0.00025727815788839;0.00103715257398757;0.000602995682550913;0.0073324274998191;0.0152758906246231;0.0258001752707451;0.00545108097026025;0.00139894998351812;0.109536175720982;0.000506516373342767;0.00011255919407617;0.206095884353468;0.00381897265615578;0.00527420223671199;0.000755754588797144;0;0.00239590284533563;0.014504056150958;0.00719574847844089;0.0111674800408429;0;0.0150186124667347;0.00144718963812219;0.0130086268582317;0;0.000249238215454377;0.000289437927624438;0.0129282274338916;0.0204294937248249;0;0.00985696942409892;0.00233962324829754;0;0.000104519251642158;0;0;8.03994243401217e-06;0;0.00270142065782809;0.000152758906246231;0.000233158330586353
0;0;0;0;0;0;0;0.000128279135398627;0.000106899279498856;0.00068415538879268;0.00694845316742565;0.00863746178350758;8.55194235990849e-05;0;0.000235178414897484;0;0.000149658991298399;0;0;0;0.000448976973895196;0.000812434524191307;0.000213798558997712;0.000363457550296111;0;0;0;0.000427597117995425;0.00820986466551215;0.000149658991298399;0.00051311654159451;0.0012614114980865;0.000470356829794967;0;0.0152010775447373;0.0817138092489257;0.0063925769140316;0.00239454386077438;0;0;0.0197549868513886;0.182712248519445;0.0590725418510679;0.00051311654159451;0.00162486904838261;0;0.0411562226070596;0.0272806961281081;0.00818848480961238;0.00188142731917987;0;0.012614114980865;0.00399803305325722;0.00119727193038719;0;0.0045325294507515;0.000962093515489706;0.00707673230282428;0.00277938126697026;0.000106899279498856;0.0131913710901589;0.00179590789558078;0;0.00241592371667415;0;0;0;0.00034207769439634;0;0;0.000128279135398627
0.00238074146255038;0.000110732161048855;0.000642246534083359;0;1.10732161048855e-05;0;0.107498781946228;0.00120698055543252;0.000332196483146565;0.000409708995880764;0.000387562563670993;0.00162776276741817;0.00132878593258626;0;0.000531514373034504;9.96589449439695e-05;0.000298976834831909;0;0;0;0.000409708995880764;7.75125127341985e-05;0.00363201488240244;0.000841564423971298;1.10732161048855e-05;0;0.000332196483146565;0.00044292864419542;0.0191566638614519;0.00234752181423573;0.00293440226779466;0.0142955219914072;9.96589449439695e-05;0;0.0186140762723125;0.00258005935243832;0.0417903175798379;0.0417349514993135;7.75125127341985e-05;0;3.32196483146565e-05;0.00281259689064092;0.0114718518846614;0.000708685830712672;0.00607919564158214;0.00240288789476015;0.0114718518846614;0.00252469327191389;0.0150263542543296;0.00279045045843115;0;0.0685099880409266;0.00373167382734641;0.00122912698764229;0;0.000819417991761527;0.00192673960225008;0.0119812198254861;0.00394206493333924;0.00107410196217389;0.0132103468131284;0.00562519378128184;0;0;0.000476148292510077;0;0.00124020020374718;0;0.000752978695132214;0.00151703060636931;0.00554768126854764
2.33399463181235e-05;0;0;0;0;0;2.33399463181235e-05;0;0;0.00312755280662854;0.0814564126502509;0.000793558174816198;0.000420119033726222;0;0;0;0;0;0;0;0.000163379624226864;0.000350099194771852;0.000163379624226864;7.00198389543704e-05;0;0;0;7.00198389543704e-05;0.00373439141089975;0.00053681876531684;0.000560158711634963;0.00182051581281363;0.000210059516863111;0;0.0111798342863811;0.00235733457813047;0.0115999533201074;0.00742210292916326;0.00896253938615941;0;0.00135371688645116;0;0.0115766133737892;0.0038744310888085;0.0292449527366087;0.000956937799043062;0.0488038277511962;0.0680126035710118;0.00938265841988563;0.00280079355817482;0;0.0194188353366787;0.0203524331894037;0.00263741393394795;0;0.0154043645699615;0.0369471350215895;0.0120434123001517;0.00165713618858677;7.00198389543704e-05;0.0524915392694597;0.00275411366553857;0;0.00256739409499358;0;0;0.0385342513712218;0;0.00247403430972109;0.000653518496907457;0.000420119033726222
0;0;0;0;0;0;0.000540313381761422;9.00522302935703e-05;0.000270156690880711;0.000480278561565708;0.00942546677072702;0.000990574533229273;9.00522302935703e-05;0;0;0;0;0;0;0;0.000360208921174281;0.00825478777691061;0.000150087050489284;3.00174100978568e-05;0;0;6.00348201957135e-05;0.00198114906645855;0.00504292489643994;0.000690400432250705;0.000180104460587141;0.00120069640391427;0.000450261151467851;0;0.0155190010205919;0.00153088791499069;0.00642372576094135;0.00330191511076424;0.00204118388665426;0;0.00255147985831782;0.000150087050489284;0.00528306417722279;0.0121870684997298;0.00279161913910068;0.168397670648976;0.0313381761421625;0.0198114906645855;0.00723419583358348;0.00294170618958996;0;0.0244641892297533;0.0120369814492406;0.000870504892837846;0;0.00582337755898421;0.00795461367593204;0.0165395929639191;0.00150087050489284;0.000990574533229273;0.0392627724079966;0.00492285525604851;0;0.00210121870684997;0;0;0.0394728942786816;0;0.00210121870684997;0.000720417842348562;0.00150087050489284
0;0;0;0;0;0;0;0;0.000492544664845744;0.000179107150852998;0.00588068478634009;0.000656726219794325;1.49255959044165e-05;0;0.000522395856654577;0;0.00180599710443439;0.000179107150852998;1.49255959044165e-05;0;0.000447767877132495;0.0179107150852998;0.00128360124777982;0.000686577411603158;0;0;2.9851191808833e-05;0.0121046582784818;0.00910461350169406;0.00025373513037508;0.000373139897610412;0.00149255959044165;0.00107464290511799;0;0.0178211615098733;0.00304482156450096;0.0071493604382155;0.00346273824982462;0.000149255959044165;0;0.000582098240272243;0.0016268899535814;0.0342840937924447;0.00197017865938298;0.00294034239317005;0;0.250884341557337;0.0445529037746832;0.00904491111807639;0.00146270839863282;0;0.0732846758906849;0.00726876520545083;0.00404483649009687;0;0.0027164584546038;0.00450752996313378;0.00817922655562023;0.00947775339930447;8.95535754264989e-05;0.0135524410812102;0.00208958342661831;0;0.00350751503753787;0;0;0.000477619068941328;0.00122389886416215;7.46279795220824e-05;0.000447767877132495;0.00189555067986089
8.22754087030927e-06;0;0;0;0;0;8.22754087030927e-06;0;0;0;0;0.000386694420904536;0;0;0;0;0;0;0;0;0;0.000748706219198144;4.11377043515464e-05;0;0;8.22754087030927e-06;0;0;0.00143981965230412;0.000148095735665567;0.000148095735665567;0.000962622281826185;6.58203269624742e-05;0;0.0039903573221;0.000148095735665567;0.00330747142986433;0.000896801954863711;0.000304419012201443;0;0.00045251474786701;5.75927860921649e-05;0;0.000575927860921649;0.00366948322815794;0.000394921961774845;0.0062117933570835;0.274602404087442;0.00673835597278329;0.000756933760068453;0;0.00419604584385773;0.0106464378861802;0.00324987864377216;0;0;0;0.00738010416066742;0.00425363862994989;0.000427832125256082;0.0035460701151033;0.00348024978814082;0;0.00738833170153773;0;0;0;0;0.000781616382679381;0.000460742288737319;0.00121767604880577
0;0;0;0;0;0;0;0;1.32720166165648e-05;0.00033180041541412;0.00381570477726238;9.9540124624236e-05;3.3180041541412e-05;0;5.30880664662592e-05;0;0;0;0;0;3.3180041541412e-05;0.000106176132932518;3.3180041541412e-05;6.6360083082824e-06;6.6360083082824e-06;0;6.6360083082824e-06;6.6360083082824e-06;0.00398824099327772;0.000491064614812898;0.000252168315714731;0.00186471833462735;5.97240747745416e-05;0;0.00615821571008607;0.000577332722820569;0.00118784548718255;0.000537516672970875;0.000590604739437134;0;0.00101530927116721;7.29960913911064e-05;0.00453902968286516;0.0013935617447393;0.001997438500793;1.99080249248472e-05;0.00681518053260603;0.0307778065338138;0.13827450511968;0.00823528631057846;0.03604679713059;0.0451978525877114;0.0592595541929618;0.00343745230369028;0;0.00258140723192185;0.0114338423151706;0.00522917454692653;0.000218988274173319;0.000444612556654921;0.0283092114431327;0.00230933089128228;0;0.00887897911648185;0;0;0.000205716257556754;0.00319855600459212;0.00210361463372552;0.000418068523421791;0.000962221204700948
0;0;0;0;0;0;0;0;1.31759249499315e-05;0.000158111099399178;0.00204226836723938;0.000250342574048698;5.27036997997259e-05;0;2.6351849899863e-05;0;0;0;0;0;3.95277748497945e-05;9.22314746495204e-05;6.58796247496574e-05;1.31759249499315e-05;0;0;2.6351849899863e-05;0.000171287024349109;0.00343891641193212;0.000632444397596711;0.000342574048698219;0.00137029619479287;0.000184462949299041;0;0.00841941604300622;0.000843259196795615;0.00168651839359123;0.000724675872246232;0.000382101823548013;0;0.000685148097396437;0;0.010382628860546;0.000513861073047328;0.00318857383788342;3.95277748497945e-05;0.0099609992621482;0.0199615262991462;0.0300279329608939;0.0464319595235586;0.245717824391272;0.0411747654685359;0.0550490144408137;0.00152840729419205;0;0.00552071255402129;0.0173658690840097;0.00600822177716876;0.000303046273848424;0.000474333298197533;0.033071571624328;0.00235849056603774;0;0.00231896279118794;0.000118583324549383;0;0.000408453673447876;0.0014229998945926;0.00155475914409192;0.000724675872246232;0.000961842521344998
0;0;0;0;0;0;0;0;6.43624895410955e-05;0.000128724979082191;0.00041835618201712;0.000257449958164382;0;0;0;0;0;0;0;0;0;0.00028963120293493;3.21812447705477e-05;0;0;0;0;0;0.00344339319044861;0.000353993692476025;3.21812447705477e-05;0.000386174937246573;3.21812447705477e-05;0;0.000836712364034241;0.00151251850421574;0.00218832464439725;0.00157688099375684;0.000193087468623286;0;6.43624895410955e-05;0;0.0139022977408766;0.00823839866126022;0.00669369891227393;3.21812447705477e-05;0.00852802986419515;0.0170560597283903;0.0425114243418935;0.0400334684945614;0.0740490442170303;0.0381991375426401;0.0587951341957907;0.00292849327411984;0;0.000353993692476025;0.0331788633584347;0.0251335521657978;0;0.000482718671558216;0.0384887687455751;0.000868893608804789;0;0.00202741842054451;0;0;3.21812447705477e-05;0;0.00125506854605136;0.00128724979082191;0.000386174937246573
0;0;0;0;0;0;0;0;0.000230597699728513;1.42637752409389e-05;0.000111732906054022;0.00013550586478892;3.56594381023473e-05;0;0.000116487497801001;4.75459174697965e-06;9.50918349395929e-05;0;0;0;0.000344707901656024;1.18864793674491e-05;5.23005092167761e-05;0;0;0;0;0.000774998454757682;0.00158090175587073;1.66410711144288e-05;4.27913257228168e-05;7.13188762046947e-05;0.00482115603143736;0.00982774114100693;0.0658415865121741;5.70551009637557e-05;0.000382744635631861;0.000206824740993615;0;0;2.37729587348982e-05;1.90183669879186e-05;0.000183051782258716;0.000173542598764757;0.000589569376625476;2.37729587348982e-06;0.00126709870057008;0.00104125559258854;0.0550748135011387;0.000240106883222472;0;0.0354217085149984;0.0269989492352239;0.00283135938532638;0;2.61502546083881e-05;0.00185666807719555;0.000247238770842942;0.000287652800692269;5.46778050902659e-05;0.00562705933255041;0.00413649481987229;0;0.00153097854252745;0;0;2.37729587348982e-06;0;4.51686215963066e-05;2.85275504818779e-05;0.000173542598764757
0;0;0;0;0;0;8.73814888557394e-05;2.49661396730684e-05;0.000106106093610541;0.00111723475036981;0.00479349881722913;0.0014417945661197;4.36907444278697e-05;0;0;0;0;0;0;0;0;0.000305835210995088;0;0;0;6.2415349182671e-06;6.2415349182671e-06;0;0.0023717832689415;0.000555496607725772;0.000480598188706567;0.0014605191708745;0.000118589163447075;0;0.0113471104814096;0.00139186228677356;0.00371371327636892;0.00261520313075392;0.000131072233283609;0;0.000755225725110319;0.000780191864783388;0.0052740970059357;0.00125454851857169;0.00885673804902102;0.000586704282317107;0.00368250560177759;0.015678735714687;0.0102173926612032;0.00208467266270121;0;0.047086139423407;0.246983778250747;0.00631019180236804;0;0.00139810382169183;0.0144616364056249;0;0.0019536004294176;0.00043066590936043;0.0163153722763502;0.0177009930282055;0;0.000199729117384547;3.74492095096026e-05;0;0.000230936791975883;0;0.00400706541752748;0.000405699769687362;0.00803285543980976
0;5.45576060122482e-05;0;0;0;0;0;0;5.45576060122482e-05;0.00178676159690113;0.00268696209610322;0.00103659451423272;0.000163672818036745;0;0.00159580997585826;6.81970075153102e-05;0;0.000504657855613296;0;0;0;0.000218230424048993;0;0;0;0.000109115212024496;0;0.000231869825552055;0.00231869825552055;0.000436460848097985;0.000368263840582675;0.00113207032475415;5.45576060122482e-05;0;0.00812908329582498;0.00126846433978477;0.00645143691094835;0.00395542643588799;5.45576060122482e-05;0;0.00132302194579702;0.000409182045091861;0.00340985037576551;0.000572854863128606;0.0121799855422344;0.000586494264631668;0.00706520997858614;0.0122618219512528;0.0122209037467436;0.001759482793895;0;0.0547212788302849;0.124814163154521;0.0264740783174434;0;0.0011866279307664;0.00885197157548727;0.0010775127187419;0.00596041845683811;8.18364090183723e-05;0.0184813890366491;0.0169674154698092;0;0.000504657855613296;4.09182045091861e-05;0;8.18364090183723e-05;0;0.0033416533682502;0.000641051870643916;0.00343712917877164
7.5850336450421e-05;1.08357623500601e-05;0;0;0;3.25072870501804e-05;0.00074766760215415;7.5850336450421e-05;0.000227551009351263;0.000639309978653548;0.0014953352043083;0.000736831839804089;0.00126778419495704;0.000444266256352466;0.00141948486785788;0.000227551009351263;0.000140864910550782;0.000520116592802887;0.000205879484651143;0.000574295404553187;0.00240553924171335;0.00164703587720914;0.000910204037405052;0.00123527690790686;0.00522283745272899;0.000444266256352466;0.000433430494002406;0.00862526683064787;0.00833270124719625;0.000693488790403849;0.000693488790403849;0.00302317769566678;0.000303401345801684;0.000346744395201924;0.00778007736734318;0.00410675393067279;0.00987137950090479;0.00381418834722117;0.0104023318560577;5.41788117503007e-05;0.00253556838991407;0.00756336212034198;0.00560208913498109;0.000509280830452826;0.00552623879853067;0.000205879484651143;0.00386836715897147;0.0248897461180881;0.0111933425076121;0.00341326514026894;0.000162536435250902;0.015137560003034;0.0152134103394844;0.0110308060723612;0.00854941649419745;0.00376000953547087;0.00338075785321876;0.00510364406687832;0.00915621918580082;0.000400923206952225;0.0121252180697173;0.00460519899877556;0.000108357623500601;0.0217582107989208;0.00280646244866558;0;0.000422594731652345;0.00104023318560577;0.00150617096665836;0.000509280830452826;0.000996890136205533
0;0;0;0;0;0;0;0.000338667344001355;0.0016510033020066;0.00211667090000847;0.00846668360003387;0.00122766912200491;8.46668360003387e-05;0;0.00203200406400813;0.000169333672000677;0.000889001778003556;0.000127000254000508;0;0;0.00139700279400559;0.000592667852002371;0.000508001016002032;0;0;0;0;0.000169333672000677;0.00220133773600881;0.000719668106002879;0.000550334434002201;0.00139700279400559;0.000169333672000677;0;0.0133773600880535;0.0026246719160105;0.00766234865803065;0.00516467699602066;4.23334180001693e-05;0;0.000550334434002201;0.000931335196003725;0.00825501651003302;0.00139700279400559;0.0154093641520616;0.116670900008467;0.0371687410041487;0.0254000508001016;0.0130810261620523;0.00215900431800864;0;0.0391584116501566;0.0323003979341292;0.00618067902802472;0;0.00516467699602066;0.0115570231140462;0.00296333926001185;0.00228600457200914;8.46668360003387e-05;0.015494030988062;0.0210397087460842;0;0.000846668360003387;0;0;0.000211667090000847;0;0.00241300482600965;0.000931335196003725;0.00397934129201592
0.000103795453759125;0;0;0;0;0;0.000172992422931876;3.45984845863751e-05;0.000311386361277376;0.00660831055599765;0.012178666574404;0.00290627270525551;0.000657371207141127;0.00141853786804138;0.00231809846728713;3.45984845863751e-05;0;0.000345984845863751;0;0;0.000103795453759125;0.000657371207141127;0;0.000172992422931876;0;0;0.000691969691727502;0.00522437117254264;0.0083382347853164;0.000691969691727502;0.000761166660900253;0.00211050755976888;0.000415181815036501;0;0.022592810434903;0.00429021208871051;0.0178874165311559;0.0161574923018372;0.00114174999135038;0;0.00190291665225063;0.00591634086427015;0.00996436356087603;0.00121094696052313;0.0314154240044286;0.00103795453759125;0.0174722347161194;0.0270560149465453;0.0250493028405356;0.00325225755111926;0;0.0395460678822268;0.132927377780853;0.0130436286890634;0;0.00152233332180051;0.0204131059059613;0.00252568937480538;0.001107151506764;0.000103795453759125;0.0337681209563021;0.0289935300833823;0;0.00269868179773726;0.00204131059059613;0;0.000276787876691001;0;0.00408262118119226;0.00148773483721413;0.00373663633532851
0;0;0;0;0;0;0;0;0.000100701131628967;0.000213989904711554;0.00118323829664036;0.000276928111979658;2.51752829072417e-05;0;0;0;0.000201402263257933;0;0;0;0;7.5525848721725e-05;0;0;0;0;0;0;0.00148534169152726;7.5525848721725e-05;6.29382072681042e-05;0.0006042067897738;8.81134901753458e-05;0;0.0051357577130773;0.0109008974988356;0.00112030008937225;0.000654557355588283;0;0;0.00015105169744345;0.00230353838601261;0.00075525848721725;0;0.00237906423473434;8.81134901753458e-05;0.00192590914240399;0.00881134901753458;0.010523268255227;0.0172073058670997;0.000264340470526038;0.00993164910690684;0.0122100122100122;0.00680991402640887;0;0.00337348790957038;0.002655992346714;0.180632654859459;0.00244200244200244;8.81134901753458e-05;0.0168296766234911;0.00388958120916884;0;1.25876414536208e-05;0;0;0;0;0.0006042067897738;0.000276928111979658;0.00129652706972295
0;0;0;0;0;0;0;0;0;0.000446615491974878;0.00295882763433357;0.000167480809490579;5.58269364968597e-05;0;0;0;0;2.79134682484299e-05;0;0;0;0;0;0;0;0;0;0.00287508722958828;0.000446615491974878;0.000111653872993719;8.37404047452896e-05;0.000502442428471738;0;0;0.00655966503838102;0.000251221214235869;0.00114445219818562;0.000921144452198186;0;0;0.000167480809490579;0.000167480809490579;0.0176133984647592;0.000111653872993719;0.00371249127704117;0.000418702023726448;0.00321004884856943;0.0121981856245639;0.00809490579204466;0.0013119330076762;0;0.0442707606420098;0.00745289602233077;0.00122819260293091;0;0.00446615491974878;0.00212142358688067;0.000167480809490579;0.00410327983251919;0.000111653872993719;0.0056106071179344;0.00343335659455687;0;0;0;0;0.000111653872993719;0;0.000893230983949756;0;0.00133984647592463
0;0;0;0;0;0;0;0;0;0.000129929188592217;0.00786071590982914;0.000649645942961086;0;0;0;0;0;0;0;0;0;3.24822971480543e-05;0;0;0;0;0;0;0.00123432729162606;6.49645942961086e-05;6.49645942961086e-05;0;3.24822971480543e-05;0;0.0022737608003638;0.000584681348664978;0.000584681348664978;0.000259858377184434;0.130708763723771;0.00279347755473267;0.138699408822192;0;0.00272851296043656;0.0407003183265121;0.00107191580588579;0;0.0280322224387709;0.00967972455012018;0.00633404794387059;0.000422269862924706;0;0.00792568050412525;0.0102319236016371;0.000162411485740272;0;0.00493730916650425;0.000162411485740272;0.0116286623790034;0.000584681348664978;0.00159163256025466;0.00844539725849412;0.000389787565776652;0;0;0;0;0.000162411485740272;0;0.000974468914441629;0.00116936269732996;0.0014941856688105
0.00503250157265674;0.000319523909375031;0;0;0;0.000279583420703152;9.98512216796973e-05;0.00124814027099622;0.00243636980898461;0.00292564079521513;0.00536201060419974;0.00155767905820328;0.00704949625058663;0;0.00405395960019571;0.00146781295869155;0.00168748564638688;0.000189717321191425;0;0;0.00424367692138713;0.00188718808974628;0.00119821466015637;0.000219672687695334;2.99553665039092e-05;0.000269598298535183;2.99553665039092e-05;0.000818780017773517;0.00539196597070365;0.000629062696582093;0.000639047818750062;0.00548183207021538;0.00034947927587894;0;0.0194909584718769;0.00173741125722673;0.0145583081208999;0.0064304186761725;0.00137794685917982;0;0.000579137085742244;0.00073889904042976;0.00383428691250037;0.00112831880498058;0.0113031582941417;0.000529211474902395;0.00411387033320353;0.0106940658418956;0.00985531557978612;0.00314531348291046;0;0.0365155917682653;0.0962066520883883;0.00696961527324287;0;0.00114828904931652;0.00812788944472736;0.0088068777521493;0.00821775554423908;9.98512216796973e-05;0.0298854706487334;0.0142986949445326;0;0.00163756003554703;0.000169747076855485;0;0.000209687565527364;3.99404886718789e-05;0.00189717321191425;0.000319523909375031;0.000129806588183606
0.00126379343452612;5.35884141848532e-05;4.4657011820711e-06;2.67942070924266e-05;1.78628047282844e-05;0.00102264557069428;0.0109722278043487;0.000129505334280062;0.000553746946576817;0.00016076524255456;0.00235342452295147;0.00244273854659289;0.00136203886053169;0;0.000558212647758888;2.67942070924266e-05;0.00138883306762411;4.4657011820711e-05;3.12599082744977e-05;2.23285059103555e-05;0.00076810060331623;0.00122806782506955;0.000174162346100773;0.000196490852011129;0.000254544967378053;0.00548388105158331;1.78628047282844e-05;0.00100924846714807;0.00597510818161114;0.00118787651443091;0.000451035819389181;0.00892693666296013;0.000259010668560124;0;0.029076180396465;0.00374225759057558;0.0110392133220798;0.00669408607192458;0.00661816915182937;8.93140236414221e-06;0.00132184754989305;0.000678786579674808;0.00568037190359444;0.00359935515274931;0.00719424460431655;0.00164784373618424;0.00572502891541515;0.00838212111874746;0.0101996614998504;0.00869918590267451;2.23285059103555e-05;0.0234092055964167;0.00730588713386832;0.00614033912534777;0;0.000759169200952088;0.00286698015888965;0.00360828655511345;3.57256094565688e-05;0.000531418440666461;0.0211138351888322;0.00817223316319012;0.0133077895225719;0.0137141683301404;0.000611801061943741;0;0.00183093748464915;0.022172206368983;0.000665389476128594;0.000254544967378053;0.000272407772106337
0;0;0;0;0;0;0;6.10575161802418e-05;3.05287580901209e-05;0.000396873855171572;0.00320551959946269;0.000152643790450604;3.05287580901209e-05;0;9.15862742703627e-05;0;0;0;0;0;0.000183172548540725;0.000366345097081451;0;0;0;0;0;3.05287580901209e-05;0.000580046403712297;0.000152643790450604;0.000824276468433264;0.00244230064720967;0.00033581633899133;0;0.0251556966662596;0.00137379411405544;0.00344974966418366;0.00183172548540725;0.000183172548540725;0;0.000305287580901209;0;0.00583099279521309;0.000183172548540725;0.00717425815117841;0;0.0109903529124435;0.0562339724020027;0.0354438881426304;0.000702161436072781;0;0.0221333496153376;0.0163328855782147;0.000396873855171572;0;0.00247282940529979;0.00348027842227378;0.00314446208328245;0;9.15862742703627e-05;0.0179814385150812;0.0181035535474417;0;0.0140432287214556;0.00100744901697399;0;0;0.000305287580901209;0.00174013921113689;0.000518988887532055;0.000183172548540725
0.000108987633109161;0;0;0;0;0;0.0025067155615107;1.9233111725146e-05;0.000737269282797264;0.000128220744834307;0.00139119508145223;0.000333373936569198;0.00028849667587719;0;3.8466223450292e-05;4.48772606920074e-05;6.41103724171534e-06;6.41103724171534e-06;0;0;0.000166686968284599;0.000615459575204672;3.8466223450292e-05;0;0;0;0.00019233111725146;0.00027567460139376;0.00421205146780698;0.00112193151730018;0.00100012180970759;0.00134631782076022;0.000987299735224162;0;0.0121745597220174;0.000865490027631571;0.00484674415473679;0.0036799353767446;0.0274520614690251;0;5.12882979337227e-05;0;6.41103724171534e-05;0;0.00696879748174457;0.000134631782076022;0.000807790692456132;0.00853309056872311;0.00242978311461011;0.00734063764176406;0;0.00357735878087716;0.000884723139356717;0.0014232502676608;0;0.000134631782076022;0.000269263564152044;0.00339784973810913;1.28220744834307e-05;0.000256441489668613;0.00692392022105256;0.00169251383181285;0;0.0634243914322898;0.00168610279457113;0;0.000602637500721242;0.00589815426237811;0.000557760240029234;0.000641103724171534;0.000198742154493175
0.000334352311807413;3.34352311807413e-05;2.38823079862438e-05;0;1.43293847917463e-05;0;0.016416698509744;0.000162399694306458;0.000109858616736721;0.00026748184944593;0.000334352311807413;0.00076901031715705;0.000888421857088269;0.00316201757737868;0.000678257546809324;5.73175391669851e-05;5.25410775697363e-05;0;0;0;0.000138517386320214;0.000630492930836836;3.82116927779901e-05;0.000415552158960642;0;0;0.00856419564386702;0.00128009170806267;0.00841134887275506;0.000802445548337791;0.000874092472296523;0.00355368742835308;0.000348681696599159;0.00368742835307604;0.0108760030569354;0.000907527703477264;0.0281954528085594;0.0356037447458922;6.20940007642339e-05;0;5.73175391669851e-05;0;0.00167653802063431;0.000506304929308368;0.00310947649980894;0.000320022927015667;0.00135651509361865;0.00779040886511272;0.0116880015284677;0.00199178448605273;0;0.0160966755827283;0.00492930836836072;0.000706916316392816;0;0.000186282002292702;0.00150936186473061;0.00414596866641192;0.00206343141001146;8.59763087504776e-05;0.0153515475735575;0.00228792510508216;0;0.000979174627435995;0.0331868551776844;0;9.55292319449752e-06;0.000367787542988154;0.00355368742835308;0.000214940771876194;0.00294230034390524
0.000730587252991929;3.47898691900918e-05;3.47898691900918e-05;0;2.31932461267279e-05;0;0.0205492160682809;0.000208739215140551;0.000139159476760367;0.000707394006865201;0.00330503757305873;0.00093932646813248;0.000614621022358289;0.00629696632340662;0.00168151034418777;0.000162352722887095;0.000185545969013823;0;0;0;0.000278318953520735;0.00121764542165321;0.000243529084330643;0.000208739215140551;0;2.31932461267279e-05;0.0024120975971797;0.00265562668151034;0.00912654235086743;0.000916133222005752;0.00113646906020967;0.00505612765562668;0.000510251414788014;0;0.0113183041098432;0.00134520827535022;0.0214537526672233;0.0290843306429168;0;0;0.000115966230633639;0;0.00321226458855181;0.000463864922534558;0.00658688189999072;0.000463864922534558;0.00408201131830411;0.00918452546618425;0.00643612580016699;0.00343260042675573;0;0.0229381204193339;0.00986872622692272;0.000626217645421653;0;0.000347898691900918;0.00192503942851842;0.00633175619259672;0.00209898877446887;9.27729845069116e-05;0.0176616569255033;0.00259764356619352;0;0.00476621207904258;0.0226598014658132;0.00338621393450227;0;0;0.0012872251600334;0.000255125707394007;0.00396604508767047
0.000286980644749849;0;0;0;0;0;0.00223207168138771;3.18867383055387e-05;0.000446414336277542;0.000350754121360926;0.00229584515799879;0.00245527884952648;0.000478301074583081;0;0;0;0.000605848027805236;0;0;0;9.56602149166162e-05;0.000382640859666465;0.000286980644749849;3.18867383055387e-05;9.56602149166162e-05;3.18867383055387e-05;0.000223207168138771;0.000223207168138771;0.00618602723127451;0.000956602149166162;0.000860941934249546;0.00302924013902618;0.00025509390644431;0;0.0178565734511017;0.00248716558783202;0.0149548802652977;0.00978922865980039;0.000382640859666465;0;0.00130735627052709;0;0.0103313032109945;0.00440036988616434;0.0261152386722362;0.00542074551194158;0.0154969548164918;0.00762093045502376;0.00851375912757884;0.00271037275597079;0;0.0070788559038296;0.00586715984821913;0.000542074551194158;0;0.0023915053729154;0.00768470393163483;0.00695130895060744;0.000382640859666465;0.00344376773699818;0.0157839354612417;0.00299735340072064;0;0.00194509103663786;0;0;0.0479576544115302;0;0.0029654666624151;0;0.00835432543605115
3.87972841901067e-05;0;0;0;0;0;0.0011639185257032;7.75945683802134e-05;0.000892337536372454;0.000387972841901067;0.000659553831231814;0.00170708050436469;0.00159068865179437;0;0;0.00011639185257032;0.00023278370514064;0;0;0;0;0.000271580989330747;7.75945683802134e-05;0;0.00023278370514064;0.00011639185257032;0;3.87972841901067e-05;0.00826382153249273;0.000193986420950533;0.00512124151309408;0.00737148399612027;7.75945683802134e-05;0;0.00469447138700291;0.000659553831231814;0.00426770126091174;0.00333656644034918;0.00046556741028128;0;0.000504364694471387;0;3.87972841901067e-05;0.0116779825412221;0.00384093113482056;0.00162948593598448;0.00566440349175558;0.00279340446168768;0.00562560620756547;0.00069835111542192;0;0.0116003879728419;0.00306498545101843;0.000814742967992241;0;0.00430649854510184;0.0113676042677013;0.00845780795344326;0.00034917555771096;0.0135014548981571;0.0101260911736178;0.00225024248302619;0;0.00259941804073715;0.0046168768186227;0;0.0190106692531523;0.162909796314258;0.000620756547041707;0;0.00958292919495635
5.14509158263017e-05;0.000231529121218358;0;0;0;0;0.00424470055566989;0.000746038279481375;0;0.000411607326610414;0.00339576044453591;0.00241819304383618;0;0;0;0;0.000128627289565754;0;0;0;0.000360156410784112;7.71763737394526e-05;5.14509158263017e-05;0;0;0;0.00138917472731015;0;0.00409034780819099;0.000977567400699732;0.000565960074089319;0.00198086025931262;0.000334430952870961;0;0.017570487754682;0.000411607326610414;0.0108304177814365;0.00478493517184606;0.0159755093640667;0;0.000437332784523565;0;0.00244391850174933;0.00967277217534472;0.0126311998353571;0.00118337106400494;0.00216093846470467;0.00311278040749125;0.0282465527886396;0.00627701173080881;0;0.0203488372093023;0.0091582630170817;0.00565960074089319;0;0.000257254579131509;0.0029327022020992;0.00974994854908417;0.000180078205392056;0.000102901831652603;0.00514509158263017;0.0120909652191809;0;0.00728030458942169;0;0;0.00396172051862523;0.0169273513068533;0.000437332784523565;0.000128627289565754;0.000128627289565754
0;0;0;0;0;0;0;0.000518268981601451;0.000777403472402177;0.00259134490800726;0.0020730759264058;0.000518268981601451;0.00466442083441306;0;0.013215859030837;0;0;0;0;0.00647836227001814;0.00932884166882612;0.00673749676081887;0.00699663125161959;0.00647836227001814;0;0;0;0;0.00777403472402177;0.00259134490800726;0.00129567245400363;0.00621922777921741;0.000518268981601451;0;0.00803316921482249;0.00362788287121016;0.0329100803316921;0.0165846074112464;0.0010365379632029;0;0.000777403472402177;0.00492355532521379;0.00570095879761596;0;0.00285047939880798;0;0.00881057268722467;0.00414615185281161;0.0165846074112464;0.00336874838040943;0;0.00829230370562322;0.00414615185281161;0.00647836227001814;0;0.0020730759264058;0.0020730759264058;0.0116610520860327;0.0243586421352682;0;0.00518268981601451;0.00181394143560508;0;0;0;0;0.000259134490800726;0;0.00129567245400363;0;0.00129567245400363
5.66529440646599e-05;0.00016995883219398;0;0;0;0;0.00101975299316388;0.00020772746157042;0.019488612758243;0.000321033349699739;0.000453223552517279;0.00288930014729765;0.00362578842013823;0;5.66529440646599e-05;0;0.0014163236016165;0;0;0;3.77686293764399e-05;0.00020772746157042;0.00162405106318692;5.66529440646599e-05;0;0;1.888431468822e-05;0.00011330588812932;0.0129924085054953;1.888431468822e-05;0.00358801979076179;0.00698719643464139;9.44215734410998e-05;0;0.00634512973524191;0.000302149035011519;0.0124825320089134;0.00587302186803641;0.00011330588812932;0;0.00022661177625864;0;0.0011330588812932;0.0012274804547343;0.00130301771348718;0.00011330588812932;0.00583525323865997;0.00468331004267855;0.0160705517996752;0.00115194319598142;0;0.0135211693167655;0.00436227669297881;0.000717603958152359;0;0.000660951014087699;0.000698719643464139;0.00963100049099218;0.000774256902217019;9.44215734410998e-05;0.0210748951920535;0.000981984363787438;0;1.888431468822e-05;0;0;0;0;0.00368244136420289;0;0.115553121577218
