0.332052123371145;0.00234367676010125;0;0.000124996093872066;0;0.000781225586700416;0.0829974063310522;0.000906221680572482;0.00118746289178463;6.24980469360332e-05;0.000531233398956283;0.0257804443611137;0.0291865879191275;0.000749976563232399;0.00165619824380488;0.000999968750976532;0.00515608887222274;0.0003749882816162;0;0;0.00253117090090935;3.12490234680166e-05;0.000593731445892316;0.0212180869347833;0.00465610449673448;0.000156245117340083;0;0.0013124589856567;0.024405487328521;0;0.00362488672228993;0.0228117871316521;0.000843723633636449;0;0.0223430517796319;0.00343739258148183;0.0918096309490329;0.0463735508265367;0.00324989844067373;6.24980469360332e-05;9.37470704040499e-05;0.00246867285397331;0;0;0.000312490234680166;0;0.0024374238305053;0.000437486328552233;0.0221243086153558;0.0142808037248836;0;0.0123433642698666;0.00271866504171745;0.00849973438330052;0;9.37470704040499e-05;0.0302178056935721;0.0653729570950908;0.0880909971563389;0.000124996093872066;0.00474985156713853;0.00768725977313209;0;0.000624980469360333;0.000249992187744133;0;0;0;0.00209368457235711;0;0.000624980469360333
0.000613120784794605;0.42611894543225;0;0;0;0;0;0;0;0;0.00122624156958921;0.0619251992642551;0;0;0.00183936235438381;0;0.0128755364806867;0.00122624156958921;0;0;0.00490496627835684;0;0.00122624156958921;0.0833844267320662;0.00183936235438381;0;0.000613120784794605;0;0;0;0.000613120784794605;0.00245248313917842;0.000613120784794605;0;0.058859595340282;0.00797057020232986;0.125076640098099;0.0122624156958921;0.00613120784794605;0;0.000613120784794605;0;0.000613120784794605;0.000613120784794605;0.00306560392397302;0;0.00613120784794605;0;0.0275904353157572;0.00490496627835684;0;0.000613120784794605;0;0.000613120784794605;0;0.00122624156958921;0;0.0343347639484979;0.0564071122011036;0.000613120784794605;0.0116492949110975;0.0355610055180871;0;0;0;0;0;0;0.00245248313917842;0;0.00122624156958921
0;0;0.0927835051546392;0;0;0;0;0.0618556701030928;0.0103092783505155;0.0309278350515464;0.0103092783505155;0.0618556701030928;0.0103092783505155;0;0;0;0;0;0;0;0.0412371134020619;0;0;0;0;0;0;0.0103092783505155;0.0721649484536082;0;0.0103092783505155;0.0309278350515464;0.0103092783505155;0;0.0618556701030928;0;0.144329896907216;0.103092783505155;0;0.0206185567010309;0;0.0515463917525773;0;0;0;0;0;0;0.0515463917525773;0.0103092783505155;0;0.0103092783505155;0.0103092783505155;0;0;0.0103092783505155;0;0;0.0206185567010309;0;0.0103092783505155;0.0206185567010309;0;0;0;0;0;0;0.0206185567010309;0;0
0;0;0;0.0504434589800443;0;0.0216186252771619;0;0.00110864745011086;0.0293791574279379;0.00221729490022173;0.00332594235033259;0;0.0110864745011086;0;0.00332594235033259;0;0;0.00942350332594235;0;0;0.0504434589800443;0;0;0.0194013303769401;0;0;0.00110864745011086;0.305986696230599;0.0925720620842572;0;0.0127494456762749;0.0199556541019956;0.00332594235033259;0;0.102549889135255;0.00388026607538803;0.0393569844789357;0.0133037694013304;0.0133037694013304;0.00332594235033259;0.00110864745011086;0;0.00277161862527716;0;0.00277161862527716;0;0.0498891352549889;0.00665188470066519;0.0121951219512195;0.00720620842572062;0;0.00277161862527716;0.0144124168514412;0.0199556541019956;0;0.00221729490022173;0.00388026607538803;0.00443458980044346;0.020509977827051;0;0.0144124168514412;0;0;0;0;0;0;0;0.016629711751663;0;0.00498891352549889
0;0.0114285714285714;0;0;0;0.294285714285714;0;0.00142857142857143;0.00142857142857143;0.00428571428571429;0.00428571428571429;0.0128571428571429;0;0;0;0;0;0.0128571428571429;0;0.00142857142857143;0.0342857142857143;0;0.00142857142857143;0.0271428571428571;0;0;0.00142857142857143;0.0828571428571429;0.0642857142857143;0;0;0;0;0;0;0;0.0385714285714286;0.00142857142857143;0.0285714285714286;0.00142857142857143;0.00285714285714286;0;0;0;0;0;0.0242857142857143;0.0185714285714286;0.0285714285714286;0.01;0;0.00285714285714286;0.09;0.05;0;0.00142857142857143;0.0428571428571429;0.01;0.0242857142857143;0;0.0271428571428571;0.0314285714285714;0;0;0;0;0;0;0.00285714285714286;0;0.00714285714285714
0;0.00814234016887817;0;0;0;0.303226779252111;0.00105548854041013;0.00060313630880579;0.00452352231604343;0.0179433051869723;0.00241254523522316;0.0188480096501809;0.0423703256936068;0;0.000904704463208685;0;0.000150784077201448;0.00588057901085645;0.000150784077201448;0.000301568154402895;0.0131182147165259;0.00060313630880579;0.00150784077201448;0.0111580217129071;0.000150784077201448;0;0.000301568154402895;0.0333232810615199;0.0473462002412545;0.0218636911942099;0.00572979493365501;0.0484016887816647;0.000904704463208685;0;0.0280458383594692;0.0113088057901086;0.0429734620024126;0.0116103739445115;0.0336248492159228;0.00572979493365501;0.00271411338962606;0.00738841978287093;0.0113088057901086;0.000301568154402895;0.00165862484921592;0.000301568154402895;0.00542822677925211;0.0091978287092883;0.0149276236429433;0.0153799758745476;0;0.00753920386007238;0.0156815440289505;0.0449336550060314;0;0.0146260554885404;0.00256332931242461;0.018546441495778;0.00874547647768396;0;0.0405609167671894;0.0443305186972256;0;0.000150784077201448;0;0;0;0;0.00572979493365501;0;0.00376960193003619
0.228870682431803;0.000186202402010986;0.00155479005679173;5.58607206032958e-05;7.44809608043944e-05;0.00108928405176427;0.25830928218974;8.37910809049437e-05;0.00131272693417745;0.0204357136207057;0.00140582813518294;0.000986872730658226;0.00167582161809887;0;0.0117028209663905;0.00205753654222139;1.86202402010986e-05;0.000595847686435155;4.65506005027465e-05;0;0.00340750395680104;0.000279303603016479;0.000111721441206592;0.00756912764174658;0;0;0;0.00760636812214878;0.0142910343543432;0.00753188716134438;0.00253235266734941;0.0198398659342706;0.00026999348291593;0;0.0102783725910064;0.00284889675076808;0.0817335443627223;0.0377339167675263;0.0183595568382832;0.000214132762312634;0.000409645284424169;0.0572479284982776;0.002644074108556;1.86202402010986e-05;0.00144306861558514;0.0013034168140769;0.00211339726282469;0.00379852900102411;0.011237314961363;0.00474816125128014;0;0.02644074108556;0.0338236663252956;0.0072525835583279;0;0.0314123452192533;0.00289544735127083;0.00953356298296248;0.019067125965925;0.000688948887440648;0.0201005492970859;0.0107718089563355;0;0.00139651801508239;0.000102411321106042;0;0;0.00167582161809887;0.00307233963318127;0.000539986965831859;0.00119169537287031
0.00582147477360931;0;0;9.24043614858621e-05;9.24043614858621e-05;0;0;0.279523193494733;0.00231010903714655;0.0227314729255221;0.00988726667898725;0.00166327850674552;0.0766032156717797;0;0.0200517464424321;0;0.0109961190168176;0;0;0;0.0105340972093883;0.000277213084457586;0.000831639253372759;0.00868600997967104;0;0;0.00258732212160414;0.0219922380336352;0.0258732212160414;0.00803917944927001;0.00277213084457586;0.0267048604694142;0.000369617445943448;0;0.0211605987802624;0.00277213084457586;0.133247089262613;0.0453705414895583;0.0125669931620772;0;0.00157087414525966;0.0101644797634448;0.0120125669931621;0;0.00286453520606173;0;0.00157087414525966;0.00813158381075587;0.0131214193309924;0.00212530031417483;0;0.0278137128072445;0.00905562742561449;0;0;0.00905562742561449;0.0826094991683607;0.00314174829051931;0.0163555719829976;0.000184808722971724;0.0264276473849566;0.0112733321012752;0;0;0;0;0;0;0.00600628349658104;0.0019404915912031;0.00101644797634448
0.000114462313283351;0.128140559720712;0;0;0;0;0;5.72311566416757e-05;0.38150289017341;0.00629542723058433;0.00228924626566703;0.00177416585589195;0.0681623075602358;0;0.00526526641103417;0.0278143421278544;0.000515080409775082;0.00143077891604189;0;0;0.00429233674812568;0;0;0;0;0;5.72311566416757e-05;0.0216333772105534;0.0176271962456361;0.00343386939850054;0.00040061809649173;0.0161391861729526;0.000171693469925027;0;0.0100726835689349;0.00652435185715103;0.0808103931780461;0.0417215131917816;0.0242660104160705;0;0.00080123619298346;0.00938590968923482;0;0;5.72311566416757e-05;0;0.00246093973559206;0.00412064327820065;0.0117896182681852;0.00972929662908487;0;0.025067246609054;0.0096720654724432;0.0122474675213186;0;0.00125908544611687;0.000858467349625136;0.022949693813312;0.0159674927030275;0.000171693469925027;0.0116179247982602;0.00898529159274309;0;0;0;0;0;0;0.000858467349625136;0.00120185428947519;0.000286155783208379
0;0.00260380978484309;0;0.000182723493673199;0.000137042620254899;0.000639532227856197;0;0;0.00918185555707825;0.46722397332237;0.00333470375953588;0.00114202183545749;0.0161253483166598;0;0.0166735187976794;0;4.56808734182998e-05;0.000867936594947696;0.000639532227856197;0;0.000182723493673199;0.000182723493673199;0;0.00127906445571239;0;0;0;0.0261751404686858;0.0482846832031428;0.0246676716458819;0.00511625782284957;0.108903202229227;4.56808734182998e-05;0;0.0114658992279932;0.00333470375953588;0.0566442830386917;0.0113745374811566;0.0316111644054634;0.000456808734182998;0.00100497921520259;0.00182723493673199;0.00118770270887579;0;0.00155314969622219;0;0.00333470375953588;0.00872504682289526;0.0105979626330455;0.00744598236718286;0;0.0197341373167055;0.0186377963546663;0.0141610707596729;0;0.00347174637979078;0.00296925677218948;0.0165821570508428;0.00835959983554886;9.13617468365995e-05;0.0183637111141565;0.0100041112786076;0;0;0;0;0;0;0.00173587318989539;0.000867936594947696;0.000822255721529396
0;0;0;0;0;0;0;0.000252334090335604;0.000504668180671209;0.145975271259147;0.23593237446379;0.00164017158718143;0.012112036336109;0;0.00630835225839011;0;0;0;0.000378501135503407;0;0.00126167045167802;0.010850365884431;0.000757002271006813;0.0058036840777189;0;0;0.000252334090335604;0.0118597022457734;0.0259904113045672;0.0123643704264446;0.00151400454201363;0.00252334090335604;0.000504668180671209;0;0.0330557658339642;0.00529901589704769;0.0615695180418875;0.0252334090335604;0.00618218521322231;0;0.000883169316174615;0.00441584658087308;0.022331566994701;0;0.0055513499873833;0.000126167045167802;0.00618218521322231;0.0249810749432248;0.0201867272268483;0.0141307090587938;0;0.0640928589452435;0.0436537976280595;0.00164017158718143;0;0.00239717385818824;0.00668685339389352;0.0873075952561191;0.0211960635881908;0.000252334090335604;0.035074438556649;0.0153923795104719;0;0;0;0;0.00290184203885945;0;0.00731768861973253;0.00227100681302044;0.00290184203885945
6.33874239350913e-05;0;0;0.00221855983772819;0.0325177484787018;0;0;6.33874239350913e-05;0;0;0.00107758620689655;0.348567444219067;0.0155299188640974;0;0.00190162271805274;0;6.33874239350913e-05;0.000380324543610548;0.000633874239350913;0;0.0112829614604462;0.000633874239350913;0.000316937119675456;0.000887423935091278;0;0;6.33874239350913e-05;0.00709939148073022;0.0635775862068965;0.00488083164300203;0.000824036511156187;0.00209178498985801;0.000126774847870183;0;0.015276369168357;0.00183823529411765;0.0179386409736308;0.00665567951318458;0.259064401622718;0.00253549695740365;0.000697261663286004;0.0225659229208925;0.00316937119675456;0.000633874239350913;0.00316937119675456;6.33874239350913e-05;0.00221855983772819;0.00297920892494929;0.0191430020283976;0.00469066937119675;0;0.00817697768762677;0.0573022312373225;0.00633874239350913;0;0.016670892494929;0.00589503042596349;0.00779665314401623;0.00183823529411765;0;0.0205375253549696;0.0103321501014199;0;0.00253549695740365;0.000126774847870183;0;6.33874239350913e-05;0;0.00386663286004057;0.00107758620689655;0
0.000230719724107783;0;0;0;0;0.0536848368568688;0.0121795728042161;0;0.00268363468567473;0.0149360663501354;0.00112931233379073;0.0366844361331374;0.490558706026642;0;0.0110259741836772;9.71451469927506e-05;0.00139646148802079;0.00323007613750896;0.00251363067843742;0;0.00449296304841471;0.000206433437359595;0.000546441451834222;0.0017607557892436;0;0;1.21431433740938e-05;0.019550460832291;0.0344743840390524;0.00701873687022623;0.00246505810494105;0.0174375538851987;0.000425010018093284;0;0.0102973855812316;0.00100788090004979;0.0463139488287938;0.0133696008548773;0.0166118201357603;0.00066787288557516;0.00132360262777623;0.00381294701946546;0.0151182135007468;0.00238005610132239;0.00221005209408507;0;0.00309650156039392;0.0131753105608918;0.00774732547267186;0.00784447061966461;0.000182147150611407;0.0127745868295467;0.0238491335867203;0.0215055069155202;0;0.0160289492538038;0.00639943655814744;0.00450510619178881;0.00836662578475064;0.000765018032567911;0.0268727762868696;0.00956879697878593;0;0.00224648152420736;0.000437153161467377;0;6.07157168704691e-05;0.000145717720489126;0.00148146349163945;0.000619300312078785;0.000473582591589659
0;0;0;0;0;0;0.00828514714766549;0.000345214464486062;0;0.0422024682834211;0.00362475187710365;0;0.0711141796841288;0.339863640286528;0.0247691378268749;0.01139207732804;0;0.000345214464486062;0.000690428928972124;0;0.0061275567446276;0.00543712781565548;0;0.00181237593855183;0;0;0;0;0.00362475187710365;0.00250280486752395;0.000690428928972124;0.00267541209976698;0;0;0.0153620436696298;0.00103564339345819;0.0704237507551566;0.0220074221109864;0.0038836627254682;8.63036161215155e-05;0.00129455424182273;0.00345214464486062;0.0379735910934668;0.00129455424182273;0.00802623629930094;0;0.00302062656425304;0.0367653404677656;0.0119962026408907;0.0027617157158885;0;0;0.036161215154915;0.0538534564598257;0;0.058600155346509;0.00543712781565548;0.0116509881764046;0.0308966945715025;0.00146716147406576;0.0311556054198671;0.0181237593855183;0;0.00422887718995426;8.63036161215155e-05;0;0;0.000776732545093639;0.00172607232243031;0.00094933977733667;0
0.00697682958175743;0;0;0;7.34403113869203e-05;0;0;0.00558146366540594;0;0.00906987845628465;0.00216648918591415;0.000844563580949583;0.141960121910917;0;0.264201520214446;0.00767451253993317;0;0.00212976903022069;0.000771123269562663;0;0.0160834281937355;0.000146880622773841;0.000514082179708442;0.00459001946168252;0;0;0;0.0132559762053391;0.0442477876106195;0.00613226600080784;0.00168912716189917;0.0540153490250799;0.000440641868321522;0;0.0139169390078214;0.000146880622773841;0.0553372746300444;0.0197187236073881;0.0236845004222818;0.000514082179708442;0.00102816435941688;0.0211140895237396;0.00738075129438549;3.67201556934601e-05;0.00179928762897955;0;0.00701354973745089;0.0105386846840231;0.0164139095949767;0.0108324459295707;0;0.0314324532736019;0.0321668563874711;0.045643153526971;0;0.0104285242169427;0.00547130319832556;0.02026952594279;0.0429258620056549;0.000220320934160761;0.0207101678111115;0.0147247824330775;0;0.000367201556934601;0.000293761245547681;0;3.67201556934601e-05;0;0.00198288840744685;0.000624242646788822;0.000660962802482283
0;0;0;0;0;0.0146036161335188;0;0.000463606861381548;0.00649049605934168;0.0271210013908206;0.00278164116828929;0.00324524802967084;0.021557719054242;0;0.00394065832174316;0.204450625869263;0;0;0.000231803430690774;0;0.012285581826611;0;0.00115901715345387;0.00764951321279555;0;0;0;0.0303662494204914;0.0639777468706537;0.0528511821974965;0.00509967547519703;0.0913305516921651;0.000695410292072323;0;0.0155308298562819;0.00254983773759852;0.0871580899397311;0.0268891979601298;0.0104311543810848;0;0.000927213722763097;0.007185906351414;0.000927213722763097;0;0.00394065832174316;0;0.0111265646731572;0.0125173852573018;0.0155308298562819;0.0101993509503941;0;0.0294390356977283;0.0713954566527585;0.0356977283263792;0;0.00857672693555865;0.00417246175243394;0.0139082058414465;0.0354659248956885;0.000231803430690774;0.0229485396383866;0.0146036161335188;0;0;0;0;0;0;0.00394065832174316;0.00417246175243394;0.000231803430690774
0;0;0;0.00144138372837924;5.33845825325646e-05;0.124653000213538;0;0;0.00373692077727952;0.00395045910740978;0.00117446081571642;0.0152146060217809;0.0238629083920564;0;0.00250907537903054;0;0.217168481742473;0.000266922912662823;0;0;0.0025624599615631;0;0;0.00384368994234465;0;5.33845825325646e-05;0;0.033472133247918;0.044255818919496;0.013239376468076;0.00352338244714926;0.0221546017510143;0.000213538330130258;0;0.0158018364296391;0.00939568652573137;0.0872304078582105;0.0332052103352552;0.0770339525944907;0.000587230407858211;0.000640614990390775;0.02477044629511;0.000640614990390775;0;0.00138799914584668;0;0.00683322656416827;0.0101964552637198;0.0115844544095665;0.00918214819560111;0;0.0302156737134316;0.0184176809737348;0.0428144351911168;0;0.00523168908819133;0.00645953448644032;0.029788597053171;0.0182041426436045;0.000106769165065129;0.0208199871877002;0.0189515267990604;0;0;0;0;0;0;0.00122784539824899;0.00106769165065129;0.000854153320521034
0;0;0;0.000658132877027872;0;0.000180986541182665;0;0;0.000575866267399388;1.64533219256968e-05;0.000625226233176478;0.0152357761031952;0.00427786370068117;0;0.000197439863108362;3.29066438513936e-05;0.00421205041297838;0.718746915002139;0.00230346506959755;0.000674586198953569;0.00436013031030965;0.000427786370068117;0.00123399914442726;0.00171114548027247;0;0;1.64533219256968e-05;0.0304057389186877;0.0312942183026753;0.0160584421994801;0.00139853236368423;0.0232320905590839;0.000164533219256968;0;0.0131462042186317;0.000608772911250781;0.0303728322748363;0.00312613116588239;0.0389943729639014;0.000839119418210537;0.000263253150811149;0.0041133304814242;0.000131626575405574;0;0.000575866267399388;1.64533219256968e-05;0.000789759452433446;0.00393234394024154;0.00406397051564711;0.0010530126032446;0;0.00426141037875547;0.0113856987725822;0.00554476948895982;0;0.000296159794662542;0.0010036526374675;0.00304386455625391;0.00342229096054493;6.58132877027872e-05;0.00551186284510843;0.00385007733061305;0;0;0.000131626575405574;0;1.64533219256968e-05;3.29066438513936e-05;0.000674586198953569;0.000246799828885452;0.000444239691993814
0;0;0;0;0.00017332023802646;0;0;5.77734126754867e-05;0.000866601190132301;0;0.00167542896758912;0.00179097579294009;0.0139811658674678;0;0;0;0.000866601190132301;0;0.711248483447917;0;0.00433300595066151;0;0;0;0;0.000115546825350973;0;0.024091513085678;0.0395170142700329;0.00623952856895257;0.00150210872956266;0.0492229475995147;0.000115546825350973;0;0.00762609047316425;0.000982148015483275;0.0272112773701543;0.00265757698307239;0.015425501184355;0.00034664047605292;0.000231093650701947;0.00519960714079381;0.000635507539430354;0.000115546825350973;0.00184874920561558;5.77734126754867e-05;0.0025998035703969;0.00866601190132301;0.00964815991680629;0.00190652261829106;0;0.0144433531688717;0.00878155872667398;0.00722167658443584;0;0.000924374602807788;0.000808827777456814;0.0069905829337339;0.00410191229995956;0.000115546825350973;0.00982148015483275;0.0034664047605292;0;0;0;0;0;0;0.000982148015483275;0.00115546825350973;0.000231093650701947
0;0;0;0;0.000236378678643186;0.00401843753693417;0;0.000118189339321593;0.00260016546507505;0.000236378678643186;0.00260016546507505;0.00638222432336603;0.0544852854272545;0;0.000472757357286373;0;0.0112279872355514;0.0827325375251152;0.137454201631013;0.121380451483276;0;0.00141827207185912;0.00283654414371824;0.00661860300200922;0.000827325375251152;0;0.00035456801796478;0.0796596147027538;0.0713863609502423;0.0134735846826616;0.00366386951896939;0.0709136035929559;0.000472757357286373;0;0.0226923531497459;0.00260016546507505;0.055194421463184;0.0166646968443446;0.0131190166646968;0;0.000709136035929559;0.0111097978962298;0.00425481621557735;0;0.00153646141118071;0;0.00709136035929559;0.0182011582555253;0.01335539534334;0.00484576291218532;0;0.0169010755229878;0.0223377851317811;0.0186739156128117;0;0.00260016546507505;0.00200921876846708;0.0152464247724855;0.0336839617066541;0.000236378678643186;0.020919513059922;0.0146554780758776;0;0;0;0;0;0;0.00319111216168302;0.000590946696607966;0.00200921876846708
0;0;0;0;7.40535036563917e-05;0.000148107007312783;0;0.000555401277422938;0.0035545681755068;0.00479496436175137;0.00186985096732389;0.00111080255484588;0.0111080255484588;0;0.00705359622327131;0.00522077200777562;0.000481347773766546;0.0819031750439693;0.0295288345829862;0.020031472739054;0.412292881606961;0.00101823567527539;0.00273997963528649;0.019087290567435;0;0;3.70267518281959e-05;0.0400074053503656;0.0224196982319726;0.00640562806627789;0.00225863186151995;0.00942330834027585;0.000314727390539665;0;0.0117004535777099;0.00275849301120059;0.0604461723595298;0.0150698879940757;0.00673886883273165;9.25668795704897e-05;0.00331389428862353;0.00766453762843655;0.00814588540220309;0.00292511339442747;0.00161066370452652;0;0.00575765990928446;0.0190317504396927;0.0152735351291308;0.00277700638711469;0;0.032694621864297;0.0133481440340646;0.0184393224104415;0;0.00309173377765436;0.00379524206239008;0.0144219198370823;0.0418772563176895;0.00109228917893178;0.0126446357493289;0.00751643062112376;0;0.00211052485420716;3.70267518281959e-05;0;1.85133759140979e-05;0;0.00131444968990095;0.000314727390539665;0.00053688790150884
0;0;0;0;3.84437951714593e-05;0;0;0.00119175765031524;0.00319083499923112;0.0126864524065816;0.00430570505920345;0.0012302014454867;0.00976472397355067;0;0.0201061048746732;0.00957250499769337;0.00153775180685837;0.00384437951714593;0.0136859910810395;0.00465169921574658;0.0400199907734892;0.106143318468399;0.008034753190835;0.00315239120405967;0;0;0.00895740427495002;0.0243349223435338;0.0148777487313548;0.00188374596340151;0.00165308319237275;0.00299861602337383;0.000269106566200215;0;0.0114562509610949;0.00299861602337383;0.157388897431954;0.12198216207904;0.0153006304782408;0.000307550361371675;0.0419806243272336;0.0229125019221898;0.0381746886052591;0.000691988313086268;0.00480547439643242;0.00253729048131632;0.0164539443333846;0.0318699061971398;0.0168383822850992;0.00469014301091804;0;0.0267184376441642;0.0295632784868522;0.0389820083038598;0;0.0154159618637552;0.0131477779486391;0.0105335998769799;0.019337228971244;0.00126864524065816;0.0318699061971398;0.0121866830693526;0;0.00296017222820237;0.000269106566200215;0;7.68875903429187e-05;0;0.00315239120405967;0.00353682915577426;0.0024604028909734
0;0;0;0;0;0.00016308779559663;0;0.000951345474313672;0.00152215275890188;0.0111986952976352;0.00326175591193259;0.00157651535743409;0.0022016852405545;0;0.0312041315574885;0.00250067953248165;0.00353356890459364;0.0183473770046208;0.0251698831204132;0.0164990486545257;0.0541995107366132;0.0276162000543626;0.291465072030443;0.00766512639304159;0;0;0;0.0245718945365588;0.012177222071215;0.00263658602881218;0.00138624626257135;0.00269094862734439;0.000434900788257679;0;0.00978526773579777;0.0022288665398206;0.0936123946724653;0.0355531394400652;0.00752921989671106;0.000190269094862734;0.00750203859744496;0.00214732264202229;0.0297091600978527;0.00122315846697472;0.00288121772220712;0;0.00853492796955694;0.0222343027996738;0.0144332699103017;0.0027453112258766;0.00146779016036967;0.0228322913835281;0.0469149225332971;0.0467790160369666;0;0.0071758630062517;0.00848056537102474;0.00959499864093504;0.0245447132372927;0.00116879586844251;0.0237020929600435;0.0118510464800217;0;0.00652351182386518;0.00010872519706442;0;0;0;0.00179396575156292;0.00231041043761892;0.00146779016036967
0;0;0;0;6.54138359607891e-05;0;0;0.000570034856229733;0.00289689844969209;0.00214931175299736;0.00203717374849315;0.000803655698946837;0.00562558989262786;0;0.0371924381605629;0.000513965853977629;0.00134565605405052;0.0229789460896543;0.0027100017755184;0.0434441319116726;0.10667127678463;0.00144844922484604;0.0224369457345507;0.308407546887703;0.0383885768752745;0;0;0.0302866060498453;0.0103447309155134;0.000756931530403416;0.00107465587649868;0.00187831157544552;0.000392483015764735;0;0.00676565960508733;0.0110175589425386;0.0554615880610405;0.0142041472371999;0.00864397118053284;4.67241685434208e-05;0.0105690069245218;0.0210632551793741;0.0208202895029483;0.00244834643167525;0.0011213800450421;0;0.00514900337348497;0.0198858061320799;0.0123819046640065;0.00321462279578735;0;0.0236237396155535;0.0519292409191578;0.0169048041790096;0;0.00311182962499182;0.0060741419106447;0.00529852071282392;0.0242591883077441;0.00099055237312052;0.0209417723411612;0.00446683051275103;0;0.00278476044518788;5.60690022521049e-05;0;3.73793348347366e-05;0.000130827671921578;0.000934483370868415;0.000542000355103681;0.000700862528151312
0;0;0;0;9.55452048250328e-06;0;0;0.00193479039770691;0.000965006568732832;0.000687925474740236;0.00169115012540308;0.0010271109518691;0.00517377284127553;0;0.0443234205183327;0.00145706437358175;0.000396512600023886;0.0157506270154067;0.00324853696405112;0.0360109876985549;0.061965842589275;0.00167681834467933;0.0127170667622119;0.0214642302639436;0.468558461722202;0;0.000520721366296429;0.0200740475337394;0.00605756598590708;0.000664039173533978;0.000515944106055177;0.00156694135913054;0.000186313149408814;0;0.00388391257613758;0.0886993908993192;0.0316541263585334;0.0090194673354831;0.0132760062104383;0;0.00226919861459453;0.0179386122058999;0.00429953421712648;0.000210199450615072;0.00139973725068673;0;0.002923683267646;0.00733787173056252;0.00827421473784784;0.00195867669891317;0;0.0145801982563;0.0224292368326765;0.00710378597874119;0;0.00550818105816314;0.00441896572315777;0.00197300847963693;0.0167156335841395;0.000730920816911501;0.0131040248417533;0.00413710736892392;0;0.00600023886301206;0.000152872327720053;0;1.43317807237549e-05;0.000257972053027589;0.0005828257494327;0.000310521915681357;0.000191090409650066
0;0;0;0;4.80699899053021e-05;0;0;0.00168244964668557;0.0234100850838821;0.00149016968706437;0.00120174974763255;0.00149016968706437;0.00773926837475364;0;0.0102869778397347;0.000336489929337115;0.000817189828390136;0.0119213574965149;0.00355717925299236;0.0135557371532952;0.153199057828198;0.00100946978801134;0.0116329375570831;0.0315339133778782;0;0.352977935874633;0;0.0204778156996587;0.00528769888958323;0.000769119838484834;0.000144209969715906;0.000336489929337115;0;0;0.00163437965678027;0.0281209440946017;0.0546555785223285;0.0752295342017978;0.00100946978801134;0;0.00658558861702639;0;0;4.80699899053021e-05;0.000865259818295438;0.00312454934384464;0.00490313897034082;0.0135076671633899;0.0100466278902081;0.00201893957602269;0;0.0127385473249051;0.0119213574965149;0.0321588232466471;0;0.00120174974763255;0.0022112195356439;0.00437436908138249;0.0542229486131808;0.000817189828390136;0.0153343267797914;0.00322068932365524;0;0.00365331923280296;0;0;0;0;0.000624909868768927;0.000769119838484834;9.61399798106042e-05
5.54016620498615e-05;0.00177285318559557;0;0;0;0;0;0.0147368421052632;0.0787257617728532;0.0178393351800554;0.00831024930747922;0.00171745152354571;0.0127423822714681;0;0.0401108033240997;0.0057617728531856;0.000498614958448754;0.00204986149584488;0.0118559556786704;0.00210526315789474;0.0761772853185596;0.0349584487534626;0.0171745152354571;0.014016620498615;0;0;0.058781163434903;0.0137950138504155;0.0114127423822715;0.00265927977839335;0.00121883656509695;0.00897506925207756;0.000110803324099723;0;0.00853185595567867;0.00448753462603878;0.168642659279778;0.0601662049861496;0.0300831024930748;0.000332409972299169;0.00831024930747922;0.00814404432132964;0.0211634349030471;0;0.00188365650969529;0;0.00443213296398892;0.012409972299169;0.0177285318559557;0.00720221606648199;0;0.0339058171745152;0.0215512465373961;0.00537396121883657;0;0.0231578947368421;0.0408864265927978;0.0135180055401662;0.0257063711911357;0.000831024930747922;0.0257617728531856;0.0103047091412742;0;0.000941828254847646;0;0;5.54016620498615e-05;0;0.00166204986149584;0.00376731301939058;0.00149584487534626
0;0;0;0;4.42145288941946e-05;0;0;0.000928505106778087;0.00428880930273688;0.00353716231153557;0.00176858115576779;0.00114957775124906;0.00446566741831366;0;0.0251580669407967;0.00265287173365168;0.00512888535172658;0.0249369942963258;0.0202502542335411;0.02772250961666;0.134589025953928;0.0331166821417518;0.0341778308352124;0.0700358137684043;0.00340451872485299;0.0830790997921917;0.000486359817836141;0.0374054914444887;0.0073838263253305;0.0016359375690852;0.000840076048989698;0.00194543927134456;0.000221072644470973;0;0.00570367422735111;0.00252022814696909;0.115090418711589;0.0387761418402087;0.00729539726754211;0;0.00915240748109829;0.0118494937436442;0.01317592961047;0.00185701021355617;0.00150329398240262;0;0.00747225538311889;0.019542821771234;0.0145023654772958;0.00318344608038201;0;0.0257328558164213;0.0370959897422293;0.0373170623867003;0;0.00437723836052527;0.00512888535172658;0.00977141088561701;0.0655259318211964;0.00101693416456648;0.0209134721669541;0.00627846310297564;0;0.00318344608038201;0.000176858115576779;0;8.84290577883893e-05;0;0.000840076048989698;0;0.00057478887562453
0;1.76662838971822e-05;0;0.0485999470011483;0.00485822807172511;0.000176662838971822;0.000105997703383093;0;0.000247327974560551;1.76662838971822e-05;0.000282660542354916;0.0127903895415599;8.83314194859111e-05;0;1.76662838971822e-05;0;0.00420457556752937;0.00211995406766187;0;0;0.000989311898242205;0.00607720166063069;0.0326296263580956;0.000741983923681654;0.000618319936401378;1.76662838971822e-05;0;0.035191237523187;0.400724317639784;0.0250861231339988;0.000211995406766187;0.00204928893207314;0.00150163413126049;0.0145216853634838;0.0381061743662221;0.00183729352530695;0.0241321438035509;0.00832081971557283;0.0168359685540147;0.00116597473721403;0;0.00162529811854076;0.00519388746577157;0.000176662838971822;0.00104231074993375;0.000141330271177458;0.00164296440243795;0.010175779524777;0.00978712127903895;0.017542619909902;0.000247327974560551;0.0223125165621412;0.00340959279215617;0.0322763006801519;0;0.00192562494479286;0.00379825103789418;0.0299796837735182;0.00302093454641816;0.000812649059270382;0.0239378146806819;0.142337249359597;0;0.000759650207578836;7.06651355887289e-05;0;0.000547654800812649;0;0.00226128433883933;0;0.000688985071990107
0;0;0;0;0.049680624556423;0;0;0;0;0.000946297610598533;0.00520463685829193;0;0;0;0;0;0;0.0172699313934232;0;0.000946297610598533;0.00946297610598533;0.0104092737165839;0;0.00189259522119707;0.00449491365034303;0;0;0.0056777856635912;0.00307546723444523;0.464868701206529;0;0.000473148805299267;0.0014194464158978;0.0335935651762479;0.0378519044239413;0.00662408327418973;0;0.00331204163709487;0.106458481192335;0;0.00189259522119707;0.00733380648213863;0.0317009699550509;0;0.0007097232079489;0.000236574402649633;0.0172699313934232;0.0056777856635912;0.0172699313934232;0.0312278211497516;0;0;0;0.0591436006624083;0;0.00804352969008753;0.00544121126094157;0.00544121126094157;0.000473148805299267;0.000473148805299267;0.00591436006624083;0.0215282706411166;0;0;0;0;0;0;0.00402176484504377;0.0085166784953868;0.00402176484504377
0;0;0;0;0;0;0;0;0;0.000751597143930853;0.00300638857572341;0;0.00676437429537768;0;0.00187899285982713;0;0.0112739571589628;0.0191657271702367;0;0.0071401728673431;0.0244269071777527;0.0146561443066516;0.00413378429161969;0.0612551672303645;0.00826756858323938;0;0;0.0169109357384442;0.304396843291995;0;0.00150319428786171;0;0.0116497557309282;0;0.112739571589628;0.000751597143930853;0.0413378429161969;0.0180383314543405;0.00751597143930853;0;0;0.0154077414505825;0.0135287485907554;0;0.00187899285982713;0.000375798571965427;0.00826756858323938;0;0.020293122886133;0.0270574971815107;0;0.0187899285982713;0;0.118752348741075;0;0.0187899285982713;0.00263059000375799;0.00300638857572341;0;0.00526118000751597;0.00187899285982713;0.0473506200676437;0;0;0.0071401728673431;0;0;0.00413378429161969;0;0.00789177001127396;0
0;0;0;0;0;0.00321979325538044;4.23657007286901e-05;0;0.00165226232841891;0.00016946280291476;0.00313506185392306;0.0120742247076767;0.00546517539400102;0;0.0063972208100322;0;0;0;0;0;0.0231740382985935;0;0;0.00182172513133367;0;0;4.23657007286901e-05;0.00033892560582952;0;0;0.000974411116759871;0.274783934926284;0.00131333672258939;0.03978139298424;0.0888832401287917;0.0192340281308253;0.0527452974072191;0.0042789357735977;0.00029655990510083;0;0.000508388408744281;0;0;0;0.00957464836468395;0;0.00775292323335028;0.0542280969327233;0.0147856295543128;0.0228774783934926;0;0.0297830876122691;0.022411455685477;0.131926792069141;0;0.00122860532113201;0.00970174546687002;0.0604558549398407;0.0149550923572276;0.00012709710218607;0.0423233350279614;0.0225385527876631;0;0.00110150821894594;0;0;0;0;0.00652431791221827;0;0.00737163192679207
0;0;0;0;0;0.0242562542258283;0;8.45165652467884e-05;0.0118323191345504;0;0.000309894072571557;0.00878972278566599;0.00152129817444219;0;0.0235519495154384;0.000197205318909173;0.17675231011945;0.00709939148073022;0.000986026594545864;0;0.0294681090827135;8.45165652467884e-05;0.000309894072571557;0;0;0;0.000140860942077981;0.00050709939148073;0.00600067613252198;0.000338066260987154;0.000563443768311922;0.000732476898805499;0.0445684020734731;0;0.1311415370746;0.00383141762452107;0.0489069190894749;0.0113252197430696;0.00329614604462475;0;0.000225377507324769;0.00335249042145594;0.000197205318909173;0.00473292765382015;0.00036623844940275;0;0.001464953797611;0.0014367816091954;0.0194388100067613;0.00411313950867703;0;0.280989407257156;0.0105082262790174;0.0183682668469687;0;0.000112688753662384;0.00160581473968898;0.0624013973405454;0.0036623844940275;0.000140860942077981;0.0118323191345504;0.035018030200586;0;0;0;0;0;0;0.00276087446472842;0.000450755014649538;0.000225377507324769
0;0;0;0;0;0.0453010833963215;0;0.000151171579743008;0.0311917359536407;0;0.000453514739229025;0.0222726127488032;0.00216679264298312;0;0.0320987654320988;0;0.19047619047619;0.00927185689090451;0.00110859158478206;0;0.0236331569664903;0;0.000352733686067019;0.000302343159486017;0;0;0;0.00055429579239103;0;0.000453514739229025;0.000755857898715041;0.000856638951877047;0.0421264802217183;0;0.0883345930964979;0.00503905265810028;0.0749307130259511;0.0133534895439657;0.00403124212648022;0;0.000251952632905014;0.00297304106827916;0.000403124212648022;0.00594608213655833;0.000352733686067019;0;0.00105820105820106;0.00146132527084908;0.0210128495842782;0.00493827160493827;0;0.206298815822625;0.0105820105820106;0.018745275888133;0;0.000100781053162006;0.00161249685059209;0.0747291509196271;0.00508944318468128;0.000151171579743008;0.0126480221718317;0.0378432854623331;0;0;0;0;0;0;0.00337616528092719;0.00100781053162006;0.000201562106324011
0;0;0;0;0;0.00119702855265165;0;0.00147868232974616;0.0365328420039666;0.0010562016641044;0.000645456572508244;0.00969358416166927;0.0195632019340226;0;0.0709767518278157;0.0013143842931077;0.0678668247057305;0.00708828672354508;0.00103273051601319;0.00120876412669726;0.077701235755947;0.000645456572508244;0.0633368931241272;0.0234242057950265;0.000187769184729671;0;3.52067221368133e-05;0.00177207168088627;0.00394315287932309;0.000798019035101102;0.000809754609146706;0.00218281677248243;0.00913027660748025;0;0.154545774606565;0.00616117637394233;0.138514980460269;0.035899121005504;0.00213587447630001;1.17355740456044e-05;0.000234711480912089;0.00602034948539508;0.0013261198671533;0.00310992712208518;0.00133785544119891;1.17355740456044e-05;0.00434216239687364;0.00663059933576651;0.0309115020361221;0.00789804133269179;0;0.0680311227423689;0.0145990541127319;0.0174390630317682;0;0.000821490183192311;0.0010444660900588;0.0447946861320721;0.00167818708852143;0.000199504758775275;0.027027027027027;0.0156317846287451;0;0.000187769184729671;0;0;1.17355740456044e-05;0;0.00521059487624837;0.00021124033282088;0.000399009517550551
0;0;0;0;0;0;0;9.58726810795264e-05;0.000719045108096448;0.000335554383778342;0.00977901347011169;0.00790949618906093;0.00982694981065146;0;0.0438138152533436;0.00268443507022674;0;0.000671108767556685;0.000335554383778342;0.0208043717942572;0.045539523512775;0.00100666315133503;0.00345141651886295;0.0105939312592877;0.100091079047026;0.000191745362159053;0;0.000766981448636211;0.0302478308805906;0.00795743252960069;0.00191745362159053;0.00896409568093572;0.000910790470255501;0;0.0314941757346244;0.0676381765016059;0.0480801495613825;0.0183596184267293;0.00843679593499832;4.79363405397632e-05;0;0.00771775082690187;0.0186472364699679;9.58726810795264e-05;0.005464742821533;0;0.005464742821533;0.0159628013997411;0.0483677676046211;0.0143329658213892;0;0.214754805618139;0.051627438761325;0.00119840851349408;0;0.04453286036144;0.00810124155121998;0.017400891615934;0.00503331575667514;0.000335554383778342;0.0383970087723503;0.0103542495565889;0;9.58726810795264e-05;0;0;4.79363405397632e-05;0.000239681702698816;0.00819711423229951;0;0.000958726810795264
0;0;0;0;2.04375683381191e-05;0;0;0;0.000807283949355706;0.0144902359517265;0.00487436004864141;0.0172288701090344;0;0;0.00349482418581837;0;0;0;0.000551814345129217;0;0.000541595560960157;0.000582470697636395;0.00118537896361091;0.000766408812679467;0.000296344740902727;0;1.02187841690596e-05;0.000316782309240847;0.0165339927855384;0.00182916236626166;0.00045984528760768;0.00295322862485821;0.000173719330874013;1.02187841690596e-05;0.0124975730387598;0.00241163306389806;0.0463728425591923;0.00630498983230975;0.127908521444119;0.00679549147242461;0.00200288169713567;0.335789247795297;0.0487027253497379;0.00804218314104988;0.00314738552407035;6.13127050143574e-05;0.0114246007010086;0.0309118221114052;0.0216025097333919;0.00469042193359834;0;0.0793079839360713;0.0449319939913549;0.00361744959584709;0;0.0102392217373977;0.00492545396948671;0.0407116361295333;0.00466998436526022;0.00023503203588837;0.0667490981922971;0.00461889044441492;0;0;8.17502733524765e-05;0;3.06563525071787e-05;0;0.00267732145229361;0.000214594467550251;0.00119559774777997
0;0;0;0;8.01946055761982e-05;0;0;0.000521264936245289;0.000641556844609586;0.0127509422866155;0.02264161030768;0.00518591782726082;0.000654922612205619;1.3365767596033e-05;0.00785907134646743;1.3365767596033e-05;9.35603731722313e-05;0.000895506428934214;0;4.00973027880991e-05;0.00193803630142479;0.000681654147397685;0.000467801865861156;0.00183111016065653;0.000628191077013553;0;0;0.00231227779411372;0.0408858830762651;0.00557352508754578;0.000895506428934214;0.0124836269346949;0.000735117217781817;0;0.0255553476436152;0.0235103852014221;0.0261300756502446;0.00899516159213024;0.0278809912053249;0;0.00092223796412628;0.021425325456441;0.154762222994467;0.00312758961747173;0.0122831404207544;0.00117618754845091;0.0144082974685236;0.0244994520035286;0.0345371434681494;0.0198481648801091;0;0.250113609024566;0.0549065732845037;0.00636210537571173;0;0.0224678553289315;0.00645566574888396;0.0398567189713705;0.00450426367986313;0.000160389211152396;0.0649843620519126;0.00936940308481916;0;0.000414338795477024;0.000601459541821487;0;8.01946055761982e-05;9.35603731722313e-05;0.0150498543131332;0.0030340292442995;0.00265978775161057
0;0;0;0;0;2.20065579542704e-05;0;4.40131159085407e-05;6.60196738628111e-05;0.000176052463634163;0.00169450496247882;0.0288065843621399;0.000330098369314056;0;0.00209062300565569;0;0.000220065579542704;0.0029708853238265;0;0.000330098369314056;0.00283884597610088;0.000418124601131137;0.00154045905679893;0.000660196738628111;0.0154265971259435;0.000264078695451244;4.40131159085407e-05;0.0255936269008164;0.041262296164257;0.000418124601131137;0.000726216412490922;0.00147443938293612;0.000748222970445193;0;0.0186175480293127;0.0383794370722475;0.0181334037543188;0.00589775753174446;0.123346757333685;0;8.80262318170815e-05;0.329196100437931;0.0380053255870249;0.0112453511146322;0.0033449968090491;0.00103430822385071;0.00558966572038467;0.0211483021940538;0.021566426795185;0.0627847098435334;0;0.0139301511850531;0.0135560396998305;0.0400739420347263;0;0.00345502959882045;0.00462137717039678;0.0317774696859664;0.00693206575559517;0.0193657709997579;0.0241411940758346;0.00948482647829053;0;0.00224466891133558;0;0;0;0;0.0025967738386039;0.000836249202262274;0.000440131159085407
0.00162130862767805;0;0.000115807759119861;0;0;0.000115807759119861;0.0276780544296468;0;0;0;0.000579038795599305;0.043312101910828;0.00173711638679792;0;0;0;0.000347423277359583;0;0;0;0.000115807759119861;0.000579038795599305;0.000115807759119861;0;0;0;0;0.0880138969310944;0;0;0.000115807759119861;0;0;0;0;0;0.0469021424435437;0.0189924724956572;0;0.00799073537927041;0;0.589577301679213;0;0.0062536189924725;0.00254777070063694;0;0.00220034742327736;0;0.0138969310943833;0.00463231036479444;0;0;0;0.00440069484655472;0;0.000115807759119861;0;0.0756224667052693;0.0491024898668211;0.00799073537927041;0;0.0026635784597568;0;0;0;0;0;0;0.000115807759119861;0.00243196294151708;0.000115807759119861
0.000118161408483989;0;0;0;0;0;0.00838946000236323;0.000118161408483989;0;0.000354484225451967;0.00141793690180787;0.00129977549332388;0.000472645633935957;0;0.000354484225451967;0;0;0;0;0;0;0.000118161408483989;0.000118161408483989;0;0;0.043956043956044;0;0.0570719602977667;0.000945291267871913;0;0.000118161408483989;0;0;0;0.00236322816967978;0.000118161408483989;0.00259955098664776;0.00283587380361574;0;0;0.254637835282997;0.310173697270471;0.0126432707077868;0.0725511048091693;0.00200874394422781;0;0.00508094056481153;0.0291858678955453;0.0154791445114026;0.00945291267871913;0;0.00531726338177951;0.00189058253574383;0.0171334042301784;0;0.00413564929693962;0.000708968450903935;0.0769230769230769;0.0120524636653669;0.022096183386506;0.00957107408720312;0.00354484225451967;0;0.00590807042419946;0;0;0.000236322816967978;0;0.000472645633935957;0.00578990901571547;0.000236322816967978
0;0;0;0;0;0;0;1.54645552393913e-05;0.000556723988618087;0.000371149325745392;0.000494865767660522;0.0184801435110726;3.09291104787826e-05;0;0.00159284918965731;0;0.00100519609056044;0.000247432883830261;0.000139180997154522;6.18582209575653e-05;0.00318569837931461;0.000293826549548435;0.00171656563157244;0.000170110107633304;0.00689719163676853;0;1.54645552393913e-05;0.00102066064579983;0.00716008907583818;3.09291104787826e-05;0.000494865767660522;0.00199492762588148;0.00115984164295435;0.0141036743783249;0.0293826549548435;0.0496257577632067;0.0104849684523073;0.00269083261165409;0.210689100581467;0.000974266980081653;0.000216503773351478;0.396418409006557;0.00734566373871087;0.0101447482370407;0.00145366819250278;0;0.00460843746133861;0.0278980576518619;0.0138407769392552;0.0214802672275145;0;0.028887789187183;0.00278361994309044;0.0250216503773351;0;0.000479401212421131;0.000556723988618087;0.0248670048249412;0.0392954348632933;0;0.0189595447234937;0.00450018557466287;0;0.000201039218112087;0;0;1.54645552393913e-05;0;0.00519609056043548;0.000293826549548435;0.000448472101942348
0;0;0;0;0;0;0;0.000242551643287383;0.000202126369406153;0.00129360876419938;0.0131382140113999;0.0163318106480171;0.000161701095524922;0;0.000444678012693536;0;0.000282976917168614;0;0;0;0.000848930751505841;0.00153616040748676;0.000404252738812305;0.000687229655980919;0;0;0;0.000808505477624611;0.0155233051703925;0.000282976917168614;0.000970206573149533;0.0023850911589926;0.000889356025387072;0;0.0287423697295549;0.154505396774063;0.0120871568904879;0.00452763067469782;0;0;0.037352953066257;0.345474390588996;0.11169503173384;0.000970206573149533;0.00307232081497352;0;0.0778186522213688;0.0515826494724502;0.0154828798965113;0.00355742410154829;0;0.023850911589926;0.00755952621579011;0.00226381533734891;0;0.00857015806282087;0.00181913732465537;0.0133807656546873;0.00525528560455997;0.000202126369406153;0.0249423939847192;0.00339572300602337;0;0.00456805594857905;0;0;0;0.000646804382099689;0;0;0.000242551643287383
0.00537231384307846;0.000249875062468766;0.00144927536231884;0;2.49875062468766e-05;0;0.242578710644678;0.00272363818090955;0.000749625187406297;0.000924537731134433;0.00087456271864068;0.00367316341829085;0.00299850074962519;0;0.00119940029985008;0.000224887556221889;0.000674662668665667;0;0;0;0.000924537731134433;0.000174912543728136;0.00819590204897551;0.00189905047476262;2.49875062468766e-05;0;0.000749625187406297;0.000999500249875063;0.0432283858070965;0.00529735132433783;0.00662168915542229;0.0322588705647176;0.000224887556221889;0;0.0420039980009995;0.00582208895552224;0.0943028485757122;0.0941779110444778;0.000174912543728136;0;7.49625187406297e-05;0.00634682658670665;0.0258870564717641;0.0015992003998001;0.0137181409295352;0.00542228885557221;0.0258870564717641;0.00569715142428786;0.0339080459770115;0.00629685157421289;0;0.154597701149425;0.0084207896051974;0.0027736131934033;0;0.00184907546226887;0.00434782608695652;0.0270364817591204;0.00889555222388806;0.00242378810594703;0.0298100949525237;0.0126936531734133;0;0;0.00107446276861569;0;0.00279860069965018;0;0.00169915042478761;0.00342328835582209;0.0125187406296852
4.49296850429079e-05;0;0;0;0;0;4.49296850429079e-05;0;0;0.00602057779574965;0.156804600799748;0.00152760929145887;0.000808734330772341;0;0;0;0;0;0;0;0.000314507795300355;0.000673945275643618;0.000314507795300355;0.000134789055128724;0;0;0;0.000134789055128724;0.00718874960686526;0.00103338275598688;0.00107831244102979;0.00350451543334681;0.000404367165386171;0;0.0215213191355529;0.00453789818933369;0.0223300534663252;0.0142876398436447;0.0172529990564766;0;0.00260592173248866;0;0.0222851237812823;0.0074583277171227;0.0562968953587635;0.00184211708675922;0.0939479714247203;0.130925102215033;0.018061733387249;0.00539156220514894;0;0.0373814979556993;0.0391786853574157;0.00507705440984859;0;0.0296535921283192;0.0711236914229231;0.0231837174821405;0.00319000763804646;0.000134789055128724;0.1010468616615;0.00530170283506313;0;0.00494226535471986;0;0;0.0741789100058409;0;0.00476254661454823;0.00125803118120142;0.000808734330772341
0;0;0;0;0;0;0.0011446012972148;0.000190766882869134;0.000572300648607402;0.00101742337530205;0.0199669337403027;0.00209843571156047;0.000190766882869134;0;0;0;0;0;0;0;0.000763067531476536;0.0174869642630039;0.00031794480478189;6.3588960956378e-05;0;0;0.000127177921912756;0.00419687142312095;0.0106829454406715;0.00146254610199669;0.000381533765738268;0.00254355843825512;0.00095383441434567;0;0.0328754928144474;0.00324303700877528;0.0136080376446649;0.00699478570520158;0.0043240493450337;0;0.00540506168129213;0.00031794480478189;0.0111916571283225;0.0258171181482895;0.00591377336894315;0.35673407096528;0.0663868752384586;0.0419687142312095;0.0153249395904871;0.00623171817372504;0;0.051825003179448;0.0254991733435076;0.00184407986773496;0;0.0123362584255373;0.0168510746534402;0.0350375174869643;0.0031794480478189;0.00209843571156047;0.0831743609309424;0.010428589596846;0;0.00445122726694646;0;0;0.083619483657637;0;0.00445122726694646;0.00152613506295307;0.0031794480478189
0;0;0;0;0;0;0;0;0.000869725641093219;0.000316263869488443;0.0103839970482039;0.00115963418812429;2.63553224573703e-05;0;0.000922436286007959;0;0.0031889940173418;0.000316263869488443;2.63553224573703e-05;0;0.000790659673721108;0.0316263869488443;0.00226655773133384;0.00121234483303903;0;0;5.27106449147405e-05;0.0213741665129273;0.0160767466989959;0.000448040481775294;0.000658883061434257;0.00263553224573703;0.00189758321693066;0;0.0314682550141001;0.00537648578130353;0.0126241994570804;0.0061144348101099;0.000263553224573703;0;0.00102785757583744;0.00287273014785336;0.0605381756845795;0.00347890256437287;0.00519199852410194;0;0.443006615185937;0.0786706375352502;0.0159713254091664;0.00258282160082229;0;0.129404633265688;0.0128350420367393;0.00714229238594734;0;0.00479666868724139;0.00795930738212582;0.0144427167066389;0.0167356297604301;0.000158131934744222;0.0239306327912922;0.00368974514403184;0;0.00619350077748201;0;0;0.000843370318635848;0.00216113644150436;0.000131776612286851;0.000790659673721108;0.00334712595208602
2.33007898967775e-05;0;0;0;0;0;2.33007898967775e-05;0;0;0;0;0.00109513712514854;0;0;0;0;0;0;0;0;0;0.00212037188060675;0.000116503949483888;0;0;2.33007898967775e-05;0;0;0.00407763823193606;0.000419414218141995;0.000419414218141995;0.00272619241792297;0.00018640631917422;0;0.0113008830999371;0.000419414218141995;0.00936691753850456;0.00253978609874875;0.000862129226180767;0;0.00128154344432276;0.000163105529277443;0;0.00163105529277443;0.0103921522939628;0.00111843791504532;0.017592096372067;0.777687163594846;0.0190833469254608;0.00214367267050353;0;0.0118834028473565;0.0301512221264301;0.00920381200922711;0;0;0;0.0209008085374094;0.012046508376634;0.00121164107463243;0.0100426404455111;0.00985623412633688;0;0.0209241093273062;0;0;0;0;0.00221357504019386;0.00130484423421954;0.00344851690472307
0;0;0;0;0;0;0;0;3.13293022964379e-05;0.000783232557410947;0.00900717441022589;0.000234969767223284;7.83232557410947e-05;0;0.000125317209185751;0;0;0;0;0;7.83232557410947e-05;0.000250634418371503;7.83232557410947e-05;1.56646511482189e-05;1.56646511482189e-05;0;1.56646511482189e-05;1.56646511482189e-05;0.00941445534007958;0.0011591841849682;0.000595256743632319;0.00440176697264952;0.00014098186033397;0;0.0145367962655472;0.00136282464989505;0.00280397255553119;0.00126883674300573;0.00139415395219148;0;0.0023966916256775;0.000172311162630408;0.0107146213853817;0.00328957674112598;0.0047150599956139;4.69939534446568e-05;0.0160875967292208;0.0726526520254394;0.326404335975438;0.0194398320749397;0.0850903850371252;0.106691938970519;0.139885334753595;0.00811428929477741;0;0.00609354929665716;0.0269901939283812;0.0123437451047965;0.000516933487891225;0.00104953162693067;0.066825401798302;0.00545129859958019;0;0.0209593032363169;0;0;0.000485604185594787;0.00755036185344153;0.0049656944139854;0.000986873022337793;0.00227137441649175
0;0;0;0;0;0;0;0;2.36021619580354e-05;0.000283225943496424;0.00365833510349548;0.000448441077202672;9.44086478321414e-05;0;4.72043239160707e-05;0;0;0;0;0;7.08064858741061e-05;0.000165215133706247;0.000118010809790177;2.36021619580354e-05;0;0;4.72043239160707e-05;0.00030682810545446;0.00616016427104723;0.0011329037739857;0.000613656210908919;0.00245462484363568;0.000330430267412495;0;0.0150817814911846;0.00151053836531426;0.00302107673062853;0.00129811890769194;0.000684462696783025;0;0.00122731242181784;0;0.0185985036229319;0.000920484316363379;0.00571172319384456;7.08064858741061e-05;0.0178432344402747;0.0357572753664236;0.0537893271023626;0.0831740187401166;0.440156718355401;0.0737567561188605;0.0986098326606717;0.0027378507871321;0;0.00988930586041682;0.0311076494606906;0.0107625858528641;0.000542849725034813;0.000849677830489273;0.0592414265146687;0.00422478699048833;0;0.00415398050461422;0.000212419457622318;0;0.000731667020699096;0.00254903349146782;0.00278505511104817;0.00129811890769194;0.00172295782293658
0;0;0;0;0;0;0;0;0.00015098897780462;0.000301977955609241;0.000981428355730032;0.000603955911218481;0;0;0;0;0;0;0;0;0;0.000679450400120791;7.54944889023101e-05;0;0;0;0;0;0.00807791031254718;0.000830439377925411;7.54944889023101e-05;0.000905933866827722;7.54944889023101e-05;0;0.00196285671146006;0.00354824097840858;0.00513362524535709;0.0036992299562132;0.000452966933413861;0;0.00015098897780462;0;0.032613619205798;0.0193265891589914;0.0157028536916805;7.54944889023101e-05;0.0200060395591122;0.0400120791182244;0.0997282198399517;0.0939151441944738;0.173712818964216;0.0896119583270421;0.137928431224521;0.00686999849011022;0;0.000830439377925411;0.0778348180582817;0.0589611958327042;0;0.00113241733353465;0.0902914087271629;0.00203835120036237;0;0.00475615280084554;0;0;7.54944889023101e-05;0;0.0029442850671901;0.0030197795560924;0.000905933866827722
0;0;0;0;0;0;0;0;0.00103564984358484;6.40608150671037e-05;0.000501809718025646;0.000608577743137485;0.000160152037667759;0;0.000523163323048014;2.13536050223679e-05;0.000427072100447358;0;0;0;0.00154813636412167;5.33840125559198e-05;0.000234889655246047;0;0;0;0;0.00348063761864597;0.00710007366993733;7.47376175782877e-05;0.000192182445201311;0.000320304075335519;0.0216525554926811;0.0441379015812344;0.295704722349751;0.000256243260268415;0.00171896520430062;0.000928881818473004;0;0;0.00010676802511184;8.54144200894716e-05;0.000822113793361164;0.000779406583316428;0.00264784702277362;1.0676802511184e-05;0.00569073573846105;0.00467643949989857;0.247349483776599;0.00107835705362958;0;0.159084357416641;0.121256446119516;0.0127160717908201;0;0.000117444827623023;0.00833858276123466;0.00111038746116313;0.00129189310385326;0.000245566457757231;0.0252719915439724;0.0185776363694601;0;0.00687586081720246;0;0;1.0676802511184e-05;0;0.000202859247712495;0.000128121630134207;0.000779406583316428
0;0;0;0;0;0;0.000195552575706783;5.58721644876523e-05;0.000237456699072522;0.00250027936082244;0.0107274555816292;0.00322661749916192;9.77762878533914e-05;0;0;0;0;0;0;0;0;0.00068443401497374;0;0;0;1.39680411219131e-05;1.39680411219131e-05;0;0.00530785562632696;0.00124315565985026;0.00107553916638731;0.00326852162252766;0.000265392781316348;0;0.0253938987596379;0.00311487317018661;0.00831098446753827;0.00585260923008157;0.000293328863560174;0;0.00169013297575148;0.00174600514023913;0.0118029947480165;0.00280757626550453;0.0198206503519946;0.00131299586545983;0.00824114426192871;0.0350877192982456;0.0228656833165717;0.00466532573471896;0;0.105374902223712;0.552729355235222;0.0141216895742541;0;0.00312884121130853;0.0323639512794726;0;0.00437199687115879;0.000963794837412001;0.0365124594926808;0.0396133646217454;0;0.000446977315901218;8.38082467314784e-05;0;0.000516817521510783;0;0.00896748240026819;0.000907922672924349;0.0179768689239021
0;0.000155376009944065;0;0;0;0;0;0;0.000155376009944065;0.00508856432566812;0.00765226848974518;0.00295214418893723;0.000466128029832194;0;0.00454474829086389;0.000194220012430081;0;0.0014372280919826;0;0;0;0.000621504039776259;0;0;0;0.000310752019888129;0;0.000660348042262275;0.00660348042262275;0.00124300807955252;0.00104878806712244;0.00322405220633934;0.000155376009944065;0;0.0231510254816656;0.0036124922311995;0.0183732131758856;0.0112647607209447;0.000155376009944065;0;0.00376786824114357;0.00116532007458048;0.00971100062150404;0.00163144810441268;0.0346876942200124;0.00167029210689869;0.0201211932877564;0.0349207582349285;0.0348042262274705;0.00501087632069608;0;0.155842137973897;0.355461466749534;0.0753962088253574;0;0.00337942821628341;0.0252097576134245;0.00306867619639528;0.0169748290863891;0.000233064014916097;0.0526336233685519;0.0483219390926041;0;0.0014372280919826;0.000116532007458048;0;0.000233064014916097;0;0.00951678060907396;0.00182566811684276;0.00978868862647607
0.000289208395306561;4.13154850437944e-05;0;0;0;0.000123946455131383;0.00285076846802181;0.000289208395306561;0.000867625185919683;0.00243761361758387;0.00570153693604363;0.00280945298297802;0.00483391175012395;0.00169393488679557;0.00541232854073707;0.000867625185919683;0.000537101305569327;0.00198314328210213;0.000784994215832094;0.0021897207073211;0.00917203767972236;0.00627995372665675;0.00347050074367873;0.00470996529499256;0.0199140637911089;0.00169393488679557;0.00165261940175178;0.0328871260948603;0.0317716079986779;0.00264419104280284;0.00264419104280284;0.0115270203272186;0.00115683358122624;0.00132209552140142;0.0296645182614444;0.0156585688315981;0.0376384068748967;0.0145430507354156;0.0396628656420426;0.000206577425218972;0.00966782350024789;0.0288382085605685;0.0213601057676417;0.00194182779705834;0.0210708973723352;0.000784994215832094;0.0147496281606346;0.0949016691455958;0.0426788960502396;0.0130143777887952;0.000619732275656916;0.0577177326061808;0.0580069410014874;0.0420591637745827;0.0325979176995538;0.0143364733101967;0.0128904313336639;0.0194595934556272;0.0349115848620063;0.00152867294662039;0.0462320277640059;0.0175590811436126;0.000413154850437944;0.0829614939679392;0.0107007106263428;0;0.00161130391670798;0.00396628656420426;0.00574285242108742;0.00194182779705834;0.00380102462402909
0;0;0;0;0;0;0;0.000807672892478546;0.00393740535083291;0.00504795557799091;0.0201918223119637;0.00292781423523473;0.000201918223119637;0;0.00484603735487128;0.000403836446239273;0.00212014134275618;0.000302877334679455;0;0;0.003331650681474;0.00141342756183746;0.00121150933871782;0;0;0;0;0.000403836446239273;0.00524987380111055;0.00171630489651691;0.00131246845027764;0.003331650681474;0.000403836446239273;0;0.0319030792529026;0.00625946491670873;0.0182735991923271;0.0123170116102978;0.000100959111559818;0;0.00131246845027764;0.002221100454316;0.0196870267541646;0.003331650681474;0.0367491166077739;0.278243311458859;0.0886420999495204;0.060575466935891;0.0311963654719838;0.00514891468955073;0;0.0933871781928319;0.0770318021201413;0.0147400302877335;0;0.0123170116102978;0.0275618374558304;0.00706713780918728;0.00545179202423019;0.000201918223119637;0.0369510348308935;0.0501766784452297;0;0.00201918223119637;0;0;0.000504795557799091;0;0.00575466935890964;0.002221100454316;0.00949015648662292
0.000199269345732315;0;0;0;0;0;0.000332115576220525;6.64231152441049e-05;0.000597808037196945;0.012686815011624;0.0233809365659249;0.00557954168050482;0.00126203918963799;0.0027233477250083;0.00445034872135503;6.64231152441049e-05;0;0.00066423115244105;0;0;0.000199269345732315;0.00126203918963799;0;0.000332115576220525;0;0;0.0013284623048821;0.0100298904018598;0.0160079707738293;0.0013284623048821;0.00146130853537031;0.0040518100298904;0.000797077382929259;0;0.0433742942544005;0.00823646629026901;0.0343407505812023;0.031019594818997;0.00219196280305546;0;0.00365327133842577;0.0113583527067419;0.0191298571903022;0.00232480903354367;0.0603121886416473;0.00199269345732315;0.033543673198273;0.0519428761208901;0.048090335436732;0.00624377283294586;0;0.075921620724012;0.255197608767851;0.0250415144470276;0;0.00292261707074062;0.0391896379940219;0.00484888741281966;0.00212553968781136;0.000199269345732315;0.0648289604782464;0.0556625705745599;0;0.00518100298904019;0.00391896379940219;0;0.00053138492195284;0;0.00783792759880438;0.00285619395549651;0.00717369644636333
0;0;0;0;0;0;0;0;0.000327305457818509;0.000695524097864332;0.00384583912936748;0.0009000900090009;8.18263644546273e-05;0;0;0;0.000654610915637018;0;0;0;0;0.000245479093363882;0;0;0;0;0;0;0.00482775550282301;0.000245479093363882;0.000204565911136568;0.00196383274691105;0.000286392275591195;0;0.016692578348744;0.0354308158088536;0.00364127321823091;0.00212748547582031;0;0;0.000490958186727764;0.0074871123475984;0.00245479093363882;0;0.00773259144096228;0.000286392275591195;0.00625971688077899;0.0286392275591195;0.0342034203420342;0.0559283201047377;0.000859176826773586;0.0322805007773505;0.0396857867604942;0.0221340315849767;0;0.0109647328369201;0.00863268144996318;0.587104164961951;0.00793715735209885;0.000286392275591195;0.0547009246379183;0.0126421733082399;0;4.09131822273136e-05;0;0;0;0;0.00196383274691105;0.0009000900090009;0.0042140577694133
0;0;0;0;0;0;0;0;0;0.00321608040201005;0.0213065326633166;0.00120603015075377;0.000402010050251256;0;0;0;0;0.000201005025125628;0;0;0;0;0;0;0;0;0;0.0207035175879397;0.00321608040201005;0.000804020100502512;0.000603015075376884;0.00361809045226131;0;0;0.0472361809045226;0.00180904522613065;0.00824120603015075;0.00663316582914573;0;0;0.00120603015075377;0.00120603015075377;0.126834170854271;0.000804020100502512;0.0267336683417085;0.00301507537688442;0.0231155778894472;0.0878391959798995;0.0582914572864322;0.00944723618090452;0;0.318793969849246;0.0536683417085427;0.00884422110552764;0;0.0321608040201005;0.0152763819095477;0.00120603015075377;0.0295477386934673;0.000804020100502512;0.0404020100502513;0.0247236180904523;0;0;0;0;0.000804020100502512;0;0.0064321608040201;0;0.00964824120603015
0;0;0;0;0;0;0;0;0;0.000305857164704083;0.018504358464597;0.00152928582352042;0;0;0;0;0;0;0;0;0;7.64642911760208e-05;0;0;0;0;0;0;0.00290564306468879;0.000152928582352042;0.000152928582352042;0;7.64642911760208e-05;0;0.00535250038232146;0.00137635724116837;0.00137635724116837;0.000611714329408166;0.307692307692308;0.00657592904113779;0.326502523321609;0;0.00642300045878575;0.0958097568435541;0.00252332160880869;0;0.065988683284906;0.0227863587704542;0.0149105367793241;0.00099403578528827;0;0.0186572870469491;0.0240862517204466;0.000382321455880104;0;0.0116225722587552;0.000382321455880104;0.0273742162410154;0.00137635724116837;0.00374675026762502;0.0198807157057654;0.00091757149411225;0;0;0;0;0.000382321455880104;0;0.00229392873528062;0.00275271448233675;0.00351735739409696
0.0140144036926841;0.000889803409059311;0;0;0;0.000778577982926897;0.000278063565331035;0.00347579456663793;0.00678475099407725;0.00814726246419932;0.0149320134582766;0.00433779161916414;0.019631287712371;0;0.01128938075244;0.00408753441036621;0.00469927425409449;0.000528320774128966;0;0;0.011817701526569;0.00525540138475656;0.00333676278397242;0.000611739843728276;8.34190695993104e-05;0.000750771626393794;8.34190695993104e-05;0.00228012123571448;0.0150154325278759;0.00175180046158552;0.00177960681811862;0.0152656897366738;0.000973222478658621;0;0.054278007952618;0.00483830603676;0.0405416678252649;0.0179072936073186;0.00383727720156828;0;0.00161276867892;0.00205767038344966;0.0106776409087117;0.00314211828824069;0.0314767955954731;0.00147373689625448;0.0114562188916386;0.0297806078469538;0.0274448738981731;0.00875900230792759;0;0.101687845841559;0.267914245196452;0.0194088368601062;0;0.0031977310013069;0.0226343742179462;0.0245252064621973;0.0228846314267442;0.000278063565331035;0.0832244251035787;0.0398187025554042;0;0.00456024247142897;0.000472708061062759;0;0.000583933487195173;0.000111225426132414;0.00528320774128966;0.000889803409059311;0.000361482634930345
0.00442706296441142;0.000187719984356668;1.56433320297223e-05;9.3859992178334e-05;6.25733281188893e-05;0.00358232303480641;0.0384356667970278;0.000453656628861948;0.00193977317168557;0.000563159953070004;0.00824403597966367;0.00855690262025811;0.00477121626906531;0;0.00195541650371529;9.3859992178334e-05;0.00486507626124365;0.000156433320297223;0.000109503324208056;7.82166601486117e-05;0.00269065310911224;0.00430191630817364;0.000610089949159171;0.000688306609307782;0.000891669925694173;0.019210011732499;6.25733281188893e-05;0.00353539303871725;0.0209307782557685;0.00416112631990614;0.00157997653500196;0.0312710207274149;0.000907313257723895;0;0.101853734845522;0.0131091122409073;0.0386703167774736;0.0234493547125538;0.0231834180680485;3.12866640594447e-05;0.00463042628079781;0.00237778646851779;0.0198983183418068;0.0126085256159562;0.0252014078998827;0.00577238951896754;0.020054751662104;0.0293625342197888;0.0357293703558858;0.0304732107938991;7.82166601486117e-05;0.0820023464998045;0.0255924912006257;0.0215095815408682;0;0.0026593664450528;0.0100430191630817;0.0126398122800156;0.000125146656237779;0.00186155651153696;0.0739616738365272;0.0286272976143919;0.0466171294485725;0.0480406726632773;0.00214313648807196;0;0.00641376613218616;0.0776691435275714;0.00233085647242863;0.000891669925694173;0.000954243253813062
0;0;0;0;0;0;0;0.000235128144838937;0.000117564072419469;0.00152833294145309;0.0123442276040442;0.000587820362097343;0.000117564072419469;0;0.000352692217258406;0;0;0;0;0;0.000705384434516812;0.00141076886903362;0;0;0;0;0;0.000117564072419469;0.0022337173759699;0.000587820362097343;0.00317422995532565;0.00940512579355749;0.00129320479661415;0;0.0968727956736421;0.00529038325887609;0.0132847401834;0.00705384434516812;0.000705384434516812;0;0.00117564072419469;0;0.0224547378321185;0.000705384434516812;0.0276275570185751;0;0.0423230660710087;0.216553021396661;0.136491888079003;0.00270397366564778;0;0.0852339525041148;0.0628967787444157;0.00152833294145309;0;0.00952268986597696;0.0134023042558194;0.0121090994592053;0;0.000352692217258406;0.069245238655067;0.0697154949447449;0;0.0540794733129556;0.00387961438984246;0;0;0.00117564072419469;0.00670115212790971;0.00199858923113097;0.000705384434516812
0.000597203681585049;0;0;0;0;0;0.0137356846764561;0.000105388884985597;0.00403990725778121;0.000702592566570646;0.00762312934729151;0.00182674067308368;0.00158083327478395;0;0.000210777769971194;0.000245907398299726;3.51296283285323e-05;3.51296283285323e-05;0;0;0.000913370336541839;0.0033724443195391;0.000210777769971194;0;0;0;0.00105388884985597;0.00151057401812689;0.0230801658118457;0.00614768495749315;0.00548022201925104;0.00737722194899178;0.00540996276259397;0;0.0667111641958828;0.00474249982435186;0.0265579990163704;0.0201644066605775;0.150425068502775;0;0.000281037026628258;0;0.000351296283285323;0;0.0381859059931146;0.000737722194899178;0.00442633316939507;0.0467575353052765;0.0133141291365137;0.0402234244361695;0;0.019602332607321;0.00484788870933745;0.00779877748893417;0;0.000737722194899178;0.00147544438979836;0.0186187030141221;7.02592566570646e-05;0.00140518513314129;0.0379399985948149;0.00927422187873252;0;0.34753741305417;0.00923909225040399;0;0.00330218506288203;0.0323192580622497;0.00305627766458231;0.00351296283285323;0.0010890184781845
0.00136577371080717;0.000136577371080717;9.75552650576552e-05;0;5.85331590345931e-05;0;0.0670594892006321;0.000663375802392055;0.000448754219265214;0.00109261896864574;0.00136577371080717;0.0031412795348565;0.00362905586014477;0.0129163170936335;0.00277056952763741;0.000234132636138372;0.000214621583126841;0;0;0;0.0005658205373344;0.0025754589975221;0.000156088424092248;0.0016974616120032;0;0;0.0349833180496751;0.00522896220709032;0.0343589643533061;0.00327785690593721;0.00357052270111018;0.0145162234405791;0.00142430686984177;0.015062532924902;0.0444266677072562;0.0037071000721909;0.115173745927068;0.145435389147952;0.000253643689149903;0;0.000234132636138372;0;0.00684837960704739;0.00206817161922229;0.0127016955105067;0.00130724055177258;0.00554113905527481;0.0318225274618071;0.0477435467192164;0.00813610910580844;0;0.0657522486488596;0.0201354067079;0.00288763584570659;0;0.00076093106744971;0.00616549275164381;0.0169355940140089;0.00842877490098141;0.000351198954207559;0.0627085243790607;0.00934579439252337;0;0.00399976586736386;0.135562796324118;0;3.90221060230621e-05;0.00150235108188789;0.0145162234405791;0.000877997385518896;0.0120188086551031
0.00283847713448975;0.000135165577832845;0.000135165577832845;0;9.01103852218968e-05;0;0.0798378013066006;0.000810993466997071;0.000540662311331381;0.00274836674926785;0.0128407298941203;0.00364947060148682;0.00238792520838027;0.024464969587745;0.00653300292858752;0.000630772696553278;0.000720883081775175;0;0;0;0.00108132462266276;0.00473079522414958;0.000946159044829917;0.000810993466997071;0;9.01103852218968e-05;0.00937148006307727;0.0103176391079072;0.0354584365848164;0.00355936021626492;0.00441540887587294;0.0196440639783735;0.00198242847488173;0;0.0439738679882857;0.00522640234287002;0.0833521063302546;0.112998423068259;0;0;0.000450551926109484;0;0.0124802883532327;0.00180220770443794;0.0255913494030187;0.00180220770443794;0.0158594277990538;0.0356837125478711;0.0250056318990764;0.0133363370128407;0;0.089119170984456;0.0383419689119171;0.00243298040099121;0;0.00135165577832845;0.00747916197341744;0.0246001351655778;0.00815498986258166;0.000360441540887587;0.0686190583464744;0.0100923631448524;0;0.0185176841630998;0.0880378463617932;0.0131561162423969;0;0;0.00500112637981527;0.000991214237440865;0.0154088758729444
0.00108879748366804;0;0;0;0;0;0.00846842487297363;0.000120977498185338;0.00169368497459473;0.00133075248003871;0.0087103798693443;0.00931526736027099;0.00181466247278006;0;0;0;0.00229857246552141;0;0;0;0.000362932494556013;0.00145172997822405;0.00108879748366804;0.000120977498185338;0.000362932494556013;0.000120977498185338;0.000846842487297363;0.000846842487297363;0.0234696346479555;0.00362932494556013;0.00326639245100411;0.0114928623276071;0.0009678199854827;0;0.067747398983789;0.00943624485845633;0.0567384466489233;0.0371400919428986;0.00145172997822405;0;0.00496007742559884;0;0.0391967094120494;0.0166948947495766;0.0990805710137914;0.0205661746915074;0.058795064118074;0.0289136220662957;0.0323009920154851;0.0102830873457537;0;0.0268570045971449;0.0222598596661021;0.00205661746915074;0;0.00907331236390031;0.0291555770626663;0.0263730946044036;0.00145172997822405;0.0130655698040165;0.0598838616017421;0.0113718848294217;0;0.00737962738930559;0;0;0.181950157270748;0;0.0112509073312364;0;0.0316961045245584
0.000114207400639561;0;0;0;0;0;0.00342622201918684;0.000228414801279123;0.00262677021470991;0.00114207400639561;0.00194152581087254;0.0050251256281407;0.00468250342622202;0;0;0.000342622201918684;0.000685244403837369;0;0;0;0;0.00079945180447693;0.000228414801279123;0;0.000685244403837369;0.000342622201918684;0;0.000114207400639561;0.0243261763362266;0.000571037003197807;0.0150753768844221;0.0216994061215167;0.000228414801279123;0;0.0138190954773869;0.00194152581087254;0.0125628140703518;0.00982183645500228;0.00137048880767474;0;0.0014846962083143;0;0.000114207400639561;0.034376427592508;0.0113065326633166;0.00479671082686158;0.016674280493376;0.00822293284604842;0.0165600730927364;0.00205573321151211;0;0.0341480127912289;0.00902238465052535;0.00239835541343079;0;0.0126770214709913;0.0334627683873915;0.0248972133394244;0.00102786660575605;0.0397441754225674;0.0298081315669255;0.00662402923709456;0;0.00765189584285062;0.0135906806761078;0;0.0559616263133851;0.479556875285518;0.00182731841023298;0;0.0282092279579717
0.000222074172773706;0.000999333777481679;0;0;0;0;0.0183211192538308;0.00322007550521874;0;0.00177659338218965;0.0146568954030646;0.0104374861203642;0;0;0;0;0.000555185431934266;0;0;0;0.00155451920941594;0.00033311125916056;0.000222074172773706;0;0;0;0.00599600266489007;0;0.0176548967355097;0.00421940928270042;0.00244281590051077;0.0085498556517877;0.00144348212302909;0;0.0758383300022207;0.00177659338218965;0.0467466133688652;0.0206528980679547;0.0689540306462358;0;0.0018876304685765;0;0.0105485232067511;0.0417499444814568;0.0545192094159449;0.00510770597379525;0.00932711525649567;0.0134354874528092;0.121918720852765;0.0270930490783922;0;0.0878303353320009;0.0395292027537197;0.0244281590051077;0;0.00111037086386853;0.0126582278481013;0.0420830557406174;0.000777259604707972;0.000444148345547413;0.0222074172773706;0.052187430601821;0;0.0314234954474795;0;0;0.0170997113035754;0.0730624028425494;0.0018876304685765;0.000555185431934266;0.000555185431934266
0;0;0;0;0;0;0;0.00201612903225806;0.0030241935483871;0.0100806451612903;0.00806451612903226;0.00201612903225806;0.0181451612903226;0;0.0514112903225806;0;0;0;0;0.0252016129032258;0.0362903225806452;0.0262096774193548;0.0272177419354839;0.0252016129032258;0;0;0;0;0.030241935483871;0.0100806451612903;0.00504032258064516;0.0241935483870968;0.00201612903225806;0;0.03125;0.0141129032258065;0.128024193548387;0.0645161290322581;0.00403225806451613;0;0.0030241935483871;0.0191532258064516;0.0221774193548387;0;0.0110887096774194;0;0.0342741935483871;0.0161290322580645;0.0645161290322581;0.0131048387096774;0;0.032258064516129;0.0161290322580645;0.0252016129032258;0;0.00806451612903226;0.00806451612903226;0.0453629032258065;0.094758064516129;0;0.0201612903225806;0.00705645161290323;0;0;0;0;0.00100806451612903;0;0.00504032258064516;0;0.00504032258064516
0.000199428305524164;0.000598284916572492;0;0;0;0;0.00358970949943495;0.000731237120255268;0.0686033371003124;0.0011300937313036;0.00159542644419331;0.0101708435817324;0.0127634115535465;0;0.000199428305524164;0;0.0049857076381041;0;0;0;0.000132952203682776;0.000731237120255268;0.00571694475835937;0.000199428305524164;0;0;6.6476101841388e-05;0.000398856611048328;0.045735558066875;6.6476101841388e-05;0.0126304593498637;0.0245961576813136;0.00033238050920694;0;0.0223359702187064;0.00106361762946221;0.0439407033171575;0.0206740676726717;0.000398856611048328;0;0.000797713222096656;0;0.00398856611048328;0.00432094661969022;0.00458685102705577;0.000398856611048328;0.0205411154689889;0.0164860732566642;0.0565711626670212;0.00405504221232467;0;0.0475968889184338;0.0153559795253606;0.00252609186997275;0;0.00232666356444858;0.00245961576813136;0.0339028119391079;0.00272552017549691;0.00033238050920694;0.074187329654989;0.00345675729575218;0;6.6476101841388e-05;0;0;0;0;0.0129628398590707;0;0.406767267167453
